# MagicaVoxel @ Ephtracy

# group
o 

# material
mtllib untitled.mtl
usemtl palette

# normals
vn -1 0 0
vn 1 0 0
vn 0 0 1
vn 0 0 -1
vn 0 -1 0
vn 0 1 0

# texcoords
vt 0.474609 0.5
vt 0.607422 0.5
vt 0.634766 0.5
vt 0.751953 0.5
vt 0.912109 0.5
vt 0.939453 0.5
vt 0.958984 0.5
vt 0.994141 0.5

# verts
v -2 0 2
v -2 0 -2
v -2 0.1 2
v -2 0.1 -2
v -2 4 2
v -2 4 -2
v -1.8 2.2 -1.8
v -1.8 2.2 -1.9
v -1.8 2.3 -1.8
v -1.8 2.3 -1.9
v -1.8 2.6 -1.8
v -1.8 2.6 -1.9
v -1.8 2.7 -1.8
v -1.8 2.7 -1.9
v -1.8 3.5 -1.8
v -1.8 3.5 -1.9
v -1.8 3.6 -1.8
v -1.8 3.6 -1.9
v -1.7 2.1 -1.8
v -1.7 2.1 -1.9
v -1.7 2.2 -1.8
v -1.7 2.2 -1.9
v -1.7 2.7 -1.8
v -1.7 2.7 -1.9
v -1.7 2.8 -1.8
v -1.7 2.8 -1.9
v -1.6 1.6 -1.8
v -1.6 1.6 -1.9
v -1.6 1.9 -1.8
v -1.6 1.9 -1.9
v -1.6 3 -1.8
v -1.6 3 -1.9
v -1.6 3.1 -1.8
v -1.6 3.1 -1.9
v -1.5 0.8 -1.8
v -1.5 0.8 -1.9
v -1.5 1.1 -1.8
v -1.5 1.1 -1.9
v -1.5 3.6 -1.8
v -1.5 3.6 -1.9
v -1.5 3.7 -1.8
v -1.5 3.7 -1.9
v -1.4 0.1 1.6
v -1.4 0.1 -0.6
v -1.4 0.7 1.6
v -1.4 0.7 1.5
v -1.4 0.7 -1.8
v -1.4 0.7 -1.9
v -1.4 0.8 1.6
v -1.4 0.8 1.5
v -1.4 0.8 -1.8
v -1.4 0.8 -1.9
v -1.4 1.1 -1.8
v -1.4 1.1 -1.9
v -1.4 1.2 -1.8
v -1.4 1.2 -1.9
v -1.4 1.6 1.6
v -1.4 1.6 -0.6
v -1.4 1.7 0.8
v -1.4 1.7 0.7
v -1.4 1.8 0.8
v -1.4 1.8 0.7
v -1.4 1.9 1.6
v -1.4 1.9 1.5
v -1.4 1.9 1.4
v -1.4 1.9 -0.6
v -1.4 2 1.5
v -1.4 2 1.4
v -1.4 3.1 -1.8
v -1.4 3.1 -1.9
v -1.4 3.2 -1.8
v -1.4 3.2 -1.9
v -1.2 0.8 1.6
v -1.2 0.8 1.5
v -1.2 1 1.6
v -1.2 1 1.5
v -1.2 1 1.4
v -1.2 1.1 1.6
v -1.2 1.1 1.5
v -1.2 1.1 1.4
v -1.2 1.3 1.6
v -1.2 1.3 1.5
v -1.2 3.1 -1.7
v -1.2 3.1 -1.8
v -1.2 3.2 -1.7
v -1.2 3.2 -1.8
v -1.2 3.6 -1.7
v -1.2 3.6 -1.8
v -1.2 3.7 -1.7
v -1.2 3.7 -1.8
v -1.1 3 -1.8
v -1.1 3 -1.9
v -1.1 3.1 -1.8
v -1.1 3.1 -1.9
v -1.1 3.5 -1.8
v -1.1 3.5 -1.9
v -1.1 3.6 -1.8
v -1.1 3.6 -1.9
v -1 1.9 -1.8
v -1 1.9 -1.9
v -1 2.2 -1.8
v -1 2.2 -1.9
v -1 2.8 -1.8
v -1 2.8 -1.9
v -1 2.9 -1.7
v -1 2.9 -1.8
v -1 3 -1.7
v -1 3 -1.8
v -1 3 -1.9
v -1 3.4 -1.7
v -1 3.4 -1.9
v -1 3.5 -1.7
v -1 3.5 -1.8
v -1 3.5 -1.9
v -0.9 0.6 -1.8
v -0.9 0.6 -1.9
v -0.9 0.8 1.6
v -0.9 0.8 1.5
v -0.9 0.9 -1.8
v -0.9 0.9 -1.9
v -0.9 1 1.6
v -0.9 1 1.5
v -0.9 1 1.4
v -0.9 1.1 1.6
v -0.9 1.1 1.5
v -0.9 1.1 1.4
v -0.9 1.3 1.6
v -0.9 1.3 1.5
v -0.9 1.8 -1.8
v -0.9 1.8 -1.9
v -0.9 1.9 -1.8
v -0.9 1.9 -1.9
v -0.9 2.2 -1.8
v -0.9 2.2 -1.9
v -0.9 2.3 -1.8
v -0.9 2.3 -1.9
v -0.9 3.3 -1.7
v -0.9 3.3 -1.9
v -0.9 3.4 -1.7
v -0.9 3.4 -1.9
v -0.8 0.5 -1.8
v -0.8 0.5 -1.9
v -0.8 0.6 -1.8
v -0.8 0.6 -1.9
v -0.8 0.9 -1.8
v -0.8 0.9 -1.9
v -0.8 1 -1.8
v -0.8 1 -1.9
v -0.8 1.7 -1.8
v -0.8 1.7 -1.9
v -0.8 1.8 -1.8
v -0.8 1.8 -1.9
v -0.8 2.3 -1.8
v -0.8 2.3 -1.9
v -0.8 2.4 -1.8
v -0.8 2.4 -1.9
v -0.8 3 -1.8
v -0.8 3 -1.9
v -0.8 3.1 -1.8
v -0.8 3.1 -1.9
v -0.7 3.1 -1.8
v -0.7 3.1 -1.9
v -0.7 3.2 -1.8
v -0.7 3.2 -1.9
v -0.7 3.4 -1.8
v -0.7 3.4 -1.9
v -0.7 3.5 -1.8
v -0.7 3.5 -1.9
v -0.6 3.5 -1.8
v -0.6 3.5 -1.9
v -0.6 3.6 -1.8
v -0.6 3.6 -1.9
v -0.5 3.2 -1.7
v -0.5 3.2 -1.8
v -0.5 3.2 -1.9
v -0.5 3.3 -1.7
v -0.5 3.3 -1.9
v -0.4 0.7 1.6
v -0.4 0.7 1.4
v -0.4 0.8 1.5
v -0.4 0.8 1.4
v -0.4 1 1.5
v -0.4 1 1.4
v -0.4 1.1 1.5
v -0.4 1.1 1.4
v -0.4 1.3 1.5
v -0.4 1.3 1.4
v -0.4 1.4 1.6
v -0.4 1.4 1.4
v -0.4 3.6 -1.7
v -0.4 3.6 -1.8
v -0.4 3.6 -1.9
v -0.4 3.7 -1.7
v -0.4 3.7 -1.9
v -0.3 0.5 -1.8
v -0.3 0.5 -1.9
v -0.3 0.8 -1.8
v -0.3 0.8 -1.9
v -0.3 1.2 -1.8
v -0.3 1.2 -1.9
v -0.3 1.5 -1.8
v -0.3 1.5 -1.9
v -0.3 2.5 -1.8
v -0.3 2.5 -1.9
v -0.3 2.8 -1.8
v -0.3 2.8 -1.9
v -0.3 3 -1.8
v -0.3 3 -1.9
v -0.3 3.1 -1.8
v -0.3 3.1 -1.9
v -0.2 1.1 -1.8
v -0.2 1.1 -1.9
v -0.2 1.2 -1.8
v -0.2 1.2 -1.9
v -0.2 1.5 -1.8
v -0.2 1.5 -1.9
v -0.2 1.6 -1.8
v -0.2 1.6 -1.9
v -0.2 2.4 -1.8
v -0.2 2.4 -1.9
v -0.2 2.5 -1.8
v -0.2 2.5 -1.9
v -0.2 2.8 -1.8
v -0.2 2.8 -1.9
v -0.2 2.9 -1.8
v -0.2 2.9 -1.9
v -0.0999999 1 -1.8
v -0.0999999 1 -1.9
v -0.0999999 1.1 -1.8
v -0.0999999 1.1 -1.9
v -0.0999999 1.6 -1.8
v -0.0999999 1.6 -1.9
v -0.0999999 1.7 -1.8
v -0.0999999 1.7 -1.9
v -0.0999999 2.3 -1.8
v -0.0999999 2.3 -1.9
v -0.0999999 2.4 -1.8
v -0.0999999 2.4 -1.9
v -0.0999999 2.9 -1.8
v -0.0999999 2.9 -1.9
v -0.0999999 3 -1.8
v -0.0999999 3 -1.9
v -0.0999999 3.5 -1.8
v -0.0999999 3.5 -1.9
v -0.0999999 3.6 -1.8
v -0.0999999 3.6 -1.9
v 2.38419e-07 0.1 1.6
v 2.38419e-07 0.1 1.5
v 2.38419e-07 0.3 1.6
v 2.38419e-07 0.3 1.5
v 2.38419e-07 0.7 1.6
v 2.38419e-07 0.7 1.5
v 2.38419e-07 0.8 1.5
v 2.38419e-07 0.8 1.4
v 2.38419e-07 0.9 1.6
v 2.38419e-07 0.9 1.5
v 2.38419e-07 0.9 1.4
v 0.1 0.2 1.5
v 0.1 0.2 1.4
v 0.1 0.3 1.6
v 0.1 0.3 1.5
v 0.1 0.5 1.5
v 0.1 0.5 1.4
v 0.1 0.7 1.6
v 0.1 0.7 1.5
v 0.2 1.9 -1.8
v 0.2 1.9 -1.9
v 0.2 2.2 -1.8
v 0.2 2.2 -1.9
v 0.3 0.5 -1.8
v 0.3 0.5 -1.9
v 0.3 0.8 -1.8
v 0.3 0.8 -1.9
v 0.3 1.8 -1.8
v 0.3 1.8 -1.9
v 0.3 1.9 -1.8
v 0.3 1.9 -1.9
v 0.3 2.2 -1.8
v 0.3 2.2 -1.9
v 0.3 2.3 -1.8
v 0.3 2.3 -1.9
v 0.3 3.5 -1.8
v 0.3 3.5 -1.9
v 0.3 3.6 -1.8
v 0.3 3.6 -1.9
v 0.4 0 2
v 0.4 0 1.6
v 0.4 0.1 2
v 0.4 0.1 1.6
v 0.4 0.1 1.5
v 0.4 0.9 1.5
v 0.4 0.9 1.4
v 0.4 1 1.6
v 0.4 1 1.4
v 0.4 1.7 -1.8
v 0.4 1.7 -1.9
v 0.4 1.8 -1.8
v 0.4 1.8 -1.9
v 0.4 2.3 -1.8
v 0.4 2.3 -1.9
v 0.4 2.4 -1.8
v 0.4 2.4 -1.9
v 0.4 3.8 -1.8
v 0.4 3.8 -1.9
v 0.4 3.9 -1.8
v 0.4 3.9 -1.9
v 0.5 3.6 -1.8
v 0.5 3.6 -1.9
v 0.5 3.7 -1.8
v 0.5 3.7 -1.9
v 0.6 0.8 1.5
v 0.6 0.8 1.4
v 0.6 0.9 1.6
v 0.6 0.9 1.5
v 0.6 0.9 1.4
v 0.6 1 1.6
v 0.6 1 1.5
v 0.6 1.1 1.6
v 0.6 1.1 1.5
v 0.6 1.3 1.6
v 0.6 1.3 1.5
v 0.6 3.2 -1.8
v 0.6 3.2 -1.9
v 0.6 3.4 -1.8
v 0.6 3.4 -1.9
v 0.7 1.4 -1.8
v 0.7 1.4 -1.9
v 0.7 1.7 -1.8
v 0.7 1.7 -1.9
v 0.7 2.9 -1.8
v 0.7 2.9 -1.9
v 0.7 3 -1.8
v 0.7 3 -1.9
v 0.7 3.4 -1.8
v 0.7 3.4 -1.9
v 0.7 3.6 -1.8
v 0.7 3.6 -1.9
v 0.7 3.7 -1.7
v 0.7 3.7 -1.8
v 0.7 3.7 -1.9
v 0.7 3.8 -1.8
v 0.7 3.8 -1.9
v 0.7 3.9 -1.7
v 0.7 3.9 -1.8
v 0.7 3.9 -1.9
v 0.7 4 -1.8
v 0.7 4 -1.9
v 0.8 3 -1.8
v 0.8 3 -1.9
v 0.8 3.2 -1.8
v 0.8 3.2 -1.9
v 0.9 0.6 -1.8
v 0.9 0.6 -1.9
v 0.9 1.1 -1.8
v 0.9 1.1 -1.9
v 0.9 2.8 -1.8
v 0.9 2.8 -1.9
v 0.9 2.9 -1.8
v 0.9 2.9 -1.9
v 0.9 3.2 -1.8
v 0.9 3.2 -1.9
v 0.9 3.5 -1.8
v 0.9 3.5 -1.9
v 1 0.5 -1.8
v 1 0.5 -1.9
v 1 0.6 -1.8
v 1 0.6 -1.9
v 1 0.8 1.5
v 1 0.8 1.4
v 1 0.9 1.6
v 1 0.9 1.5
v 1 0.9 1.4
v 1 1 1.6
v 1 1 1.5
v 1 1 1.4
v 1 1.1 1.6
v 1 1.1 1.5
v 1 1.1 1.4
v 1 1.1 -1.8
v 1 1.1 -1.9
v 1 1.2 -1.8
v 1 1.2 -1.9
v 1 1.3 1.6
v 1 1.3 1.5
v 1 2.9 -1.8
v 1 2.9 -1.9
v 1 3.1 -1.8
v 1 3.1 -1.9
v 1 3.3 -1.7
v 1 3.3 -1.8
v 1 3.4 -1.7
v 1 3.4 -1.8
v 1.1 0.4 -1.8
v 1.1 0.4 -1.9
v 1.1 0.5 -1.8
v 1.1 0.5 -1.9
v 1.1 1.2 -1.8
v 1.1 1.2 -1.9
v 1.1 1.3 -1.8
v 1.1 1.3 -1.9
v 1.1 3.1 -1.8
v 1.1 3.1 -1.9
v 1.1 3.3 -1.8
v 1.1 3.3 -1.9
v 1.2 1.6 1.7
v 1.2 1.6 1.6
v 1.2 1.6 1.5
v 1.2 1.6 -0.6
v 1.2 1.7 1.6
v 1.2 1.7 1.5
v 1.2 1.7 -1.8
v 1.2 1.7 -1.9
v 1.2 1.8 1.8
v 1.2 1.8 1.7
v 1.2 1.9 1.8
v 1.2 1.9 -0.6
v 1.2 2 -1.8
v 1.2 2 -1.9
v 1.2 3 -1.8
v 1.2 3 -1.9
v 1.2 3.1 -1.8
v 1.2 3.1 -1.9
v 1.2 3.2 -1.7
v 1.2 3.2 -1.8
v 1.2 3.3 -1.7
v 1.2 3.3 -1.8
v 1.3 1.6 -1.8
v 1.3 1.6 -1.9
v 1.3 1.7 -1.8
v 1.3 1.7 -1.9
v 1.3 2 -1.8
v 1.3 2 -1.9
v 1.3 2.1 -1.8
v 1.3 2.1 -1.9
v 1.3 2.7 -1.8
v 1.3 2.7 -1.9
v 1.3 3 -1.8
v 1.3 3 -1.9
v 1.4 1.5 -1.8
v 1.4 1.5 -1.9
v 1.4 1.6 -1.8
v 1.4 1.6 -1.9
v 1.4 2.1 -1.8
v 1.4 2.1 -1.9
v 1.4 2.2 -1.8
v 1.4 2.2 -1.9
v 1.4 3 -1.8
v 1.4 3 -1.9
v 1.4 3.2 -1.7
v 1.4 3.2 -1.8
v 1.4 3.2 -1.9
v 1.4 3.3 -1.7
v 1.4 3.3 -1.8
v 1.5 2.8 -1.8
v 1.5 2.8 -1.9
v 1.5 3 -1.8
v 1.5 3 -1.9
v 1.6 3.2 -1.6
v 1.6 3.2 -1.8
v 1.6 3.3 -1.6
v 1.6 3.3 -1.8
v 1.7 0.1 2
v 1.7 0.1 1.9
v 1.7 0.1 -0.6
v 1.7 0.1 -0.7
v 1.7 0.2 2
v 1.7 0.2 1.9
v 1.7 0.2 1.8
v 1.7 0.2 1.1
v 1.7 0.2 1
v 1.7 0.2 0.9
v 1.7 0.2 0.6
v 1.7 0.2 0.2
v 1.7 0.2 0.0999999
v 1.7 0.2 -0.3
v 1.7 0.2 -0.4
v 1.7 0.2 -0.6
v 1.7 0.2 -0.7
v 1.7 0.2 -0.9
v 1.7 0.2 -1
v 1.7 0.3 1.9
v 1.7 0.3 1.8
v 1.7 0.3 0.9
v 1.7 0.3 0.6
v 1.7 0.3 -0.1
v 1.7 0.3 -0.2
v 1.7 0.3 -0.3
v 1.7 0.3 -0.4
v 1.7 0.3 -0.9
v 1.7 0.3 -1
v 1.7 0.3 -1.1
v 1.7 0.4 1.3
v 1.7 0.4 1.2
v 1.7 0.4 1.1
v 1.7 0.4 1
v 1.7 0.4 -0.1
v 1.7 0.4 -0.2
v 1.7 0.4 -0.3
v 1.7 0.4 -0.4
v 1.7 0.4 -1
v 1.7 0.4 -1.1
v 1.7 0.4 -1.5
v 1.7 0.4 -1.6
v 1.7 0.5 1.4
v 1.7 0.5 1.3
v 1.7 0.5 1.2
v 1.7 0.5 0.9
v 1.7 0.5 0.8
v 1.7 0.5 0.2
v 1.7 0.5 0.0999999
v 1.7 0.5 -2.38419e-07
v 1.7 0.5 -1.5
v 1.7 0.5 -1.6
v 1.7 0.6 1.4
v 1.7 0.6 1.3
v 1.7 0.6 1
v 1.7 0.6 0.9
v 1.7 0.6 0.8
v 1.7 0.6 0.0999999
v 1.7 0.6 -2.38419e-07
v 1.7 0.6 -0.3
v 1.7 0.6 -0.4
v 1.7 0.7 1
v 1.7 0.7 0.9
v 1.7 3.1 -1.8
v 1.7 3.1 -1.9
v 1.7 3.2 -1.8
v 1.7 3.2 -1.9
v 1.8 0.1 1.9
v 1.8 0.1 1.4
v 1.8 0.1 1.3
v 1.8 0.1 1
v 1.8 0.1 0.8
v 1.8 0.1 0.4
v 1.8 0.1 0.3
v 1.8 0.1 0.0999999
v 1.8 0.1 -2.38419e-07
v 1.8 0.1 -0.4
v 1.8 0.1 -0.5
v 1.8 0.1 -0.6
v 1.8 0.1 -0.7
v 1.8 0.1 -1
v 1.8 0.1 -1.1
v 1.8 0.1 -1.2
v 1.8 0.1 -1.3
v 1.8 0.1 -1.5
v 1.8 0.1 -1.6
v 1.8 0.1 -1.7
v 1.8 0.1 -1.8
v 1.8 0.1 -1.9
v 1.8 0.2 2
v 1.8 0.2 1.9
v 1.8 0.2 1.8
v 1.8 0.2 1.7
v 1.8 0.2 1.4
v 1.8 0.2 1.3
v 1.8 0.2 1.1
v 1.8 0.2 1
v 1.8 0.2 0.9
v 1.8 0.2 0.8
v 1.8 0.2 0.6
v 1.8 0.2 0.5
v 1.8 0.2 0.4
v 1.8 0.2 0.3
v 1.8 0.2 0.2
v 1.8 0.2 0.0999999
v 1.8 0.2 -2.38419e-07
v 1.8 0.2 -0.1
v 1.8 0.2 -0.3
v 1.8 0.2 -0.4
v 1.8 0.2 -0.6
v 1.8 0.2 -0.7
v 1.8 0.2 -0.9
v 1.8 0.2 -1
v 1.8 0.2 -1.2
v 1.8 0.2 -1.3
v 1.8 0.3 2
v 1.8 0.3 1.9
v 1.8 0.3 1.8
v 1.8 0.3 1.7
v 1.8 0.3 1.2
v 1.8 0.3 1.1
v 1.8 0.3 0.9
v 1.8 0.3 0.8
v 1.8 0.3 0.7
v 1.8 0.3 0.6
v 1.8 0.3 0.3
v 1.8 0.3 0.2
v 1.8 0.3 -2.38419e-07
v 1.8 0.3 -0.1
v 1.8 0.3 -0.2
v 1.8 0.3 -0.3
v 1.8 0.3 -0.4
v 1.8 0.3 -0.6
v 1.8 0.3 -0.7
v 1.8 0.3 -0.8
v 1.8 0.3 -0.9
v 1.8 0.3 -1
v 1.8 0.3 -1.1
v 1.8 0.3 -1.2
v 1.8 0.3 -1.3
v 1.8 0.3 -1.4
v 1.8 0.3 -1.7
v 1.8 0.3 -1.8
v 1.8 0.3 -1.9
v 1.8 0.4 1.6
v 1.8 0.4 1.5
v 1.8 0.4 1.3
v 1.8 0.4 1.2
v 1.8 0.4 1.1
v 1.8 0.4 1
v 1.8 0.4 0.6
v 1.8 0.4 0.5
v 1.8 0.4 -0.1
v 1.8 0.4 -0.2
v 1.8 0.4 -0.3
v 1.8 0.4 -0.4
v 1.8 0.4 -0.5
v 1.8 0.4 -0.6
v 1.8 0.4 -0.7
v 1.8 0.4 -0.8
v 1.8 0.4 -0.9
v 1.8 0.4 -1
v 1.8 0.4 -1.1
v 1.8 0.4 -1.5
v 1.8 0.4 -1.6
v 1.8 0.5 1.7
v 1.8 0.5 1.6
v 1.8 0.5 1.5
v 1.8 0.5 1.4
v 1.8 0.5 1.3
v 1.8 0.5 1.2
v 1.8 0.5 0.9
v 1.8 0.5 0.8
v 1.8 0.5 0.4
v 1.8 0.5 0.3
v 1.8 0.5 0.2
v 1.8 0.5 0.0999999
v 1.8 0.5 -2.38419e-07
v 1.8 0.5 -0.1
v 1.8 0.5 -0.4
v 1.8 0.5 -0.5
v 1.8 0.5 -1.4
v 1.8 0.5 -1.5
v 1.8 0.5 -1.6
v 1.8 0.5 -1.8
v 1.8 0.6 1.4
v 1.8 0.6 1.3
v 1.8 0.6 1.2
v 1.8 0.6 1
v 1.8 0.6 0.9
v 1.8 0.6 0.7
v 1.8 0.6 0.6
v 1.8 0.6 0.2
v 1.8 0.6 0.0999999
v 1.8 0.6 -2.38419e-07
v 1.8 0.6 -0.1
v 1.8 0.6 -0.4
v 1.8 0.6 -0.5
v 1.8 0.6 -0.6
v 1.8 0.6 -0.7
v 1.8 0.7 1.9
v 1.8 0.7 1.7
v 1.8 0.7 1.4
v 1.8 0.7 1.3
v 1.8 0.7 1.1
v 1.8 0.7 1
v 1.8 0.7 0.5
v 1.8 0.7 0.4
v 1.8 0.7 0.0999999
v 1.8 0.7 -2.38419e-07
v 1.8 0.7 -0.1
v 1.8 0.7 -0.2
v 1.8 0.7 -0.4
v 1.8 0.7 -0.5
v 1.8 0.7 -1
v 1.8 0.7 -1.1
v 1.8 0.7 -1.2
v 1.8 0.8 0.6
v 1.8 0.8 0.5
v 1.8 0.8 -2.38419e-07
v 1.8 0.8 -0.1
v 1.8 0.9 -0.5
v 1.8 0.9 -0.6
v 1.8 0.9 -1.1
v 1.8 0.9 -1.3
v 1.8 2.9 -1.8
v 1.8 2.9 -1.9
v 1.8 3 -1.6
v 1.8 3 -1.8
v 1.8 3.1 -1.6
v 1.8 3.1 -1.8
v 1.8 3.1 -1.9
v 1.9 0.1 1.4
v 1.9 0.1 1.3
v 1.9 0.1 1
v 1.9 0.1 0.8
v 1.9 0.1 0.4
v 1.9 0.1 0.3
v 1.9 0.1 0.0999999
v 1.9 0.1 -2.38419e-07
v 1.9 0.1 -0.4
v 1.9 0.1 -0.5
v 1.9 0.1 -1
v 1.9 0.1 -1.1
v 1.9 0.1 -1.2
v 1.9 0.1 -1.3
v 1.9 0.1 -1.5
v 1.9 0.1 -1.6
v 1.9 0.1 -1.7
v 1.9 0.1 -1.8
v 1.9 0.2 1.8
v 1.9 0.2 1.7
v 1.9 0.2 1.4
v 1.9 0.2 1.3
v 1.9 0.2 1
v 1.9 0.2 0.8
v 1.9 0.2 0.6
v 1.9 0.2 0.5
v 1.9 0.2 0.4
v 1.9 0.2 0.3
v 1.9 0.2 -2.38419e-07
v 1.9 0.2 -0.1
v 1.9 0.2 -1.2
v 1.9 0.2 -1.3
v 1.9 0.3 2
v 1.9 0.3 1.9
v 1.9 0.3 1.8
v 1.9 0.3 1.7
v 1.9 0.3 1.2
v 1.9 0.3 1.1
v 1.9 0.3 0.8
v 1.9 0.3 0.7
v 1.9 0.3 0.3
v 1.9 0.3 0.2
v 1.9 0.3 -2.38419e-07
v 1.9 0.3 -0.1
v 1.9 0.3 -0.6
v 1.9 0.3 -0.7
v 1.9 0.3 -0.8
v 1.9 0.3 -0.9
v 1.9 0.3 -1
v 1.9 0.3 -1.1
v 1.9 0.3 -1.2
v 1.9 0.3 -1.3
v 1.9 0.3 -1.4
v 1.9 0.3 -1.7
v 1.9 0.3 -1.8
v 1.9 0.3 -1.9
v 1.9 0.4 1.6
v 1.9 0.4 1.5
v 1.9 0.4 0.6
v 1.9 0.4 0.5
v 1.9 0.4 -0.2
v 1.9 0.4 -0.3
v 1.9 0.4 -0.5
v 1.9 0.4 -0.6
v 1.9 0.4 -0.7
v 1.9 0.4 -0.8
v 1.9 0.4 -0.9
v 1.9 0.4 -1
v 1.9 0.4 -1.5
v 1.9 0.4 -1.6
v 1.9 0.5 1.7
v 1.9 0.5 1.6
v 1.9 0.5 1.5
v 1.9 0.5 1.4
v 1.9 0.5 0.4
v 1.9 0.5 0.3
v 1.9 0.5 0.0999999
v 1.9 0.5 -2.38419e-07
v 1.9 0.5 -0.1
v 1.9 0.5 -0.4
v 1.9 0.5 -0.5
v 1.9 0.5 -1.4
v 1.9 0.5 -1.8
v 1.9 0.6 1.3
v 1.9 0.6 1.2
v 1.9 0.6 0.9
v 1.9 0.6 0.8
v 1.9 0.6 0.7
v 1.9 0.6 0.6
v 1.9 0.6 0.2
v 1.9 0.6 0.0999999
v 1.9 0.6 -2.38419e-07
v 1.9 0.6 -0.1
v 1.9 0.6 -0.3
v 1.9 0.6 -0.4
v 1.9 0.6 -0.5
v 1.9 0.6 -0.6
v 1.9 0.6 -0.7
v 1.9 0.7 1.9
v 1.9 0.7 1.7
v 1.9 0.7 1.4
v 1.9 0.7 1.3
v 1.9 0.7 1.1
v 1.9 0.7 0.9
v 1.9 0.7 0.5
v 1.9 0.7 0.4
v 1.9 0.7 0.0999999
v 1.9 0.7 -2.38419e-07
v 1.9 0.7 -0.1
v 1.9 0.7 -0.2
v 1.9 0.7 -0.4
v 1.9 0.7 -0.5
v 1.9 0.7 -1
v 1.9 0.7 -1.1
v 1.9 0.7 -1.2
v 1.9 0.8 0.6
v 1.9 0.8 0.5
v 1.9 0.8 -2.38419e-07
v 1.9 0.8 -0.1
v 1.9 0.9 -0.5
v 1.9 0.9 -0.6
v 1.9 0.9 -1.1
v 1.9 0.9 -1.3
v 1.9 1.7 -1.8
v 1.9 1.7 -1.9
v 1.9 2 -1.8
v 1.9 2 -1.9
v 1.9 2.9 -1.8
v 1.9 2.9 -1.9
v 1.9 3 -1.6
v 1.9 3 -1.8
v 1.9 3.1 -1.6
v 1.9 3.1 -1.9
v 1.9 3.3 -1.8
v 1.9 3.3 -1.9
v 1.9 4 2
v 1.9 4 -1.8
v -1.9 0.1 1.9
v -1.9 0.1 1.8
v -1.9 0.1 1.3
v -1.9 0.1 1.2
v -1.9 0.1 1
v -1.9 0.1 0.9
v -1.9 0.1 0.8
v -1.9 0.1 0.7
v -1.9 0.1 0.6
v -1.9 0.1 0.5
v -1.9 0.1 0.2
v -1.9 0.1 0.0999999
v -1.9 0.1 -2.38419e-07
v -1.9 0.1 -0.2
v -1.9 0.1 -0.4
v -1.9 0.1 -0.5
v -1.9 0.1 -0.7
v -1.9 0.1 -0.8
v -1.9 0.1 -1
v -1.9 0.1 -1.1
v -1.9 0.1 -1.3
v -1.9 0.1 -1.4
v -1.9 0.1 -1.8
v -1.9 0.1 -1.9
v -1.9 0.2 1.9
v -1.9 0.2 1.8
v -1.9 0.2 1.5
v -1.9 0.2 1.4
v -1.9 0.2 1.3
v -1.9 0.2 1.2
v -1.9 0.2 0.6
v -1.9 0.2 0.5
v -1.9 0.2 0.4
v -1.9 0.2 0.3
v -1.9 0.2 0.2
v -1.9 0.2 0.0999999
v -1.9 0.2 -2.38419e-07
v -1.9 0.2 -0.1
v -1.9 0.2 -0.4
v -1.9 0.2 -0.5
v -1.9 0.2 -1
v -1.9 0.2 -1.1
v -1.9 0.2 -1.2
v -1.9 0.3 1.4
v -1.9 0.3 1.3
v -1.9 0.3 1.2
v -1.9 0.3 1.1
v -1.9 0.3 -0.1
v -1.9 0.3 -0.2
v -1.9 0.3 -0.5
v -1.9 0.3 -0.6
v -1.9 0.3 -0.7
v -1.9 0.3 -0.8
v -1.9 0.3 -1
v -1.9 0.3 -1.1
v -1.9 0.3 -1.3
v -1.9 0.3 -1.4
v -1.9 0.3 -1.6
v -1.9 0.3 -1.7
v -1.9 0.4 1.4
v -1.9 0.4 1.3
v -1.9 0.4 0.8
v -1.9 0.4 0.7
v -1.9 0.4 0.3
v -1.9 0.4 0.2
v -1.9 0.4 0.0999999
v -1.9 0.4 -0.4
v -1.9 0.4 -0.5
v -1.9 0.4 -0.9
v -1.9 0.4 -1
v -1.9 0.4 -1.1
v -1.9 0.4 -1.2
v -1.9 0.4 -1.3
v -1.9 0.4 -1.4
v -1.9 0.4 -1.5
v -1.9 0.4 -1.6
v -1.9 0.5 1.7
v -1.9 0.5 1.6
v -1.9 0.5 1.3
v -1.9 0.5 1.2
v -1.9 0.5 0.7
v -1.9 0.5 0.6
v -1.9 0.5 -0.1
v -1.9 0.5 -0.2
v -1.9 0.5 -1.3
v -1.9 0.5 -1.4
v -1.9 0.5 -1.8
v -1.9 0.5 -1.9
v -1.9 0.6 1.5
v -1.9 0.6 1.4
v -1.9 0.6 0.8
v -1.9 0.6 0.7
v -1.9 0.6 0.5
v -1.9 0.6 0.4
v -1.9 0.6 0.0999999
v -1.9 0.6 -2.38419e-07
v -1.9 0.6 -0.1
v -1.9 0.6 -0.2
v -1.9 0.6 -0.8
v -1.9 0.6 -0.9
v -1.9 0.6 -1.4
v -1.9 0.6 -1.5
v -1.9 0.6 -1.7
v -1.9 0.6 -1.9
v -1.9 0.7 2
v -1.9 0.7 1.9
v -1.9 0.7 1.8
v -1.9 0.7 1.7
v -1.9 0.7 1.4
v -1.9 0.7 1.3
v -1.9 0.7 1
v -1.9 0.7 0.9
v -1.9 0.7 0.4
v -1.9 0.7 0.2
v -1.9 0.7 -2.38419e-07
v -1.9 0.7 -0.4
v -1.9 0.7 -0.7
v -1.9 0.7 -0.8
v -1.9 0.7 -1.1
v -1.9 0.7 -1.4
v -1.9 0.8 1.1
v -1.9 0.8 0.8
v -1.9 0.8 0.6
v -1.9 0.8 0.4
v -1.9 0.8 -0.6
v -1.9 0.8 -0.7
v -1.9 0.9 1.9
v -1.9 0.9 1.8
v -1.9 0.9 1.6
v -1.9 0.9 1.4
v -1.9 2.3 -1.8
v -1.9 2.3 -1.9
v -1.9 2.6 -1.8
v -1.9 2.6 -1.9
v -1.9 4 2
v -1.9 4 -1.9
v -1.8 0.1 1.8
v -1.8 0.1 1.3
v -1.8 0.1 1.2
v -1.8 0.1 1
v -1.8 0.1 0.9
v -1.8 0.1 0.8
v -1.8 0.1 0.7
v -1.8 0.1 0.6
v -1.8 0.1 0.5
v -1.8 0.1 0.2
v -1.8 0.1 0.0999999
v -1.8 0.1 -2.38419e-07
v -1.8 0.1 -0.2
v -1.8 0.1 -0.4
v -1.8 0.1 -0.5
v -1.8 0.1 -0.7
v -1.8 0.1 -0.8
v -1.8 0.1 -1
v -1.8 0.1 -1.1
v -1.8 0.1 -1.3
v -1.8 0.1 -1.4
v -1.8 0.1 -1.8
v -1.8 0.2 1.9
v -1.8 0.2 1.8
v -1.8 0.2 1.5
v -1.8 0.2 1.4
v -1.8 0.2 1.3
v -1.8 0.2 1.2
v -1.8 0.2 0.7
v -1.8 0.2 0.6
v -1.8 0.2 0.5
v -1.8 0.2 0.4
v -1.8 0.2 0.3
v -1.8 0.2 0.2
v -1.8 0.2 0.0999999
v -1.8 0.2 -2.38419e-07
v -1.8 0.2 -0.4
v -1.8 0.2 -0.5
v -1.8 0.2 -1
v -1.8 0.2 -1.1
v -1.8 0.2 -1.2
v -1.8 0.3 1.6
v -1.8 0.3 1.5
v -1.8 0.3 1.4
v -1.8 0.3 1.3
v -1.8 0.3 1.2
v -1.8 0.3 1.1
v -1.8 0.3 0.7
v -1.8 0.3 0.5
v -1.8 0.3 0.0999999
v -1.8 0.3 -0.1
v -1.8 0.3 -0.2
v -1.8 0.3 -0.5
v -1.8 0.3 -0.6
v -1.8 0.3 -0.7
v -1.8 0.3 -0.8
v -1.8 0.3 -0.9
v -1.8 0.3 -1
v -1.8 0.3 -1.1
v -1.8 0.3 -1.3
v -1.8 0.3 -1.4
v -1.8 0.3 -1.6
v -1.8 0.3 -1.7
v -1.8 0.4 1.8
v -1.8 0.4 1.7
v -1.8 0.4 1.4
v -1.8 0.4 1.3
v -1.8 0.4 0.8
v -1.8 0.4 0.7
v -1.8 0.4 0.3
v -1.8 0.4 0.2
v -1.8 0.4 0.0999999
v -1.8 0.4 -0.4
v -1.8 0.4 -0.5
v -1.8 0.4 -0.7
v -1.8 0.4 -0.8
v -1.8 0.4 -0.9
v -1.8 0.4 -1
v -1.8 0.4 -1.1
v -1.8 0.4 -1.2
v -1.8 0.4 -1.3
v -1.8 0.4 -1.4
v -1.8 0.4 -1.5
v -1.8 0.4 -1.6
v -1.8 0.5 1.9
v -1.8 0.5 1.8
v -1.8 0.5 1.7
v -1.8 0.5 1.6
v -1.8 0.5 1.5
v -1.8 0.5 1.3
v -1.8 0.5 1.2
v -1.8 0.5 0.7
v -1.8 0.5 0.6
v -1.8 0.5 -2.38419e-07
v -1.8 0.5 -0.1
v -1.8 0.5 -0.2
v -1.8 0.5 -1.3
v -1.8 0.5 -1.4
v -1.8 0.5 -1.8
v -1.8 0.5 -1.9
v -1.8 0.6 2
v -1.8 0.6 1.8
v -1.8 0.6 1.5
v -1.8 0.6 1.4
v -1.8 0.6 0.8
v -1.8 0.6 0.7
v -1.8 0.6 0.5
v -1.8 0.6 0.4
v -1.8 0.6 0.0999999
v -1.8 0.6 -2.38419e-07
v -1.8 0.6 -0.1
v -1.8 0.6 -0.2
v -1.8 0.6 -0.7
v -1.8 0.6 -0.8
v -1.8 0.6 -0.9
v -1.8 0.6 -1.4
v -1.8 0.6 -1.5
v -1.8 0.6 -1.7
v -1.8 0.6 -1.9
v -1.8 0.7 2
v -1.8 0.7 1.9
v -1.8 0.7 1.8
v -1.8 0.7 1.7
v -1.8 0.7 1.4
v -1.8 0.7 1.3
v -1.8 0.7 1
v -1.8 0.7 0.9
v -1.8 0.7 0.5
v -1.8 0.7 0.4
v -1.8 0.7 0.2
v -1.8 0.7 -2.38419e-07
v -1.8 0.7 -0.4
v -1.8 0.7 -0.7
v -1.8 0.7 -0.8
v -1.8 0.7 -1.1
v -1.8 0.7 -1.4
v -1.8 0.8 1.1
v -1.8 0.8 0.8
v -1.8 0.8 0.6
v -1.8 0.8 0.4
v -1.8 0.8 -0.6
v -1.8 0.8 -0.7
v -1.8 0.9 1.9
v -1.8 0.9 1.8
v -1.8 0.9 1.6
v -1.8 0.9 1.4
v -1.7 0.1 2
v -1.7 0.1 1.9
v -1.7 0.2 0.7
v -1.7 0.2 0.5
v -1.7 0.2 0.0999999
v -1.7 0.2 -0.1
v -1.7 0.3 1.6
v -1.7 0.3 1.5
v -1.7 0.3 0.7
v -1.7 0.3 0.5
v -1.7 0.3 0.0999999
v -1.7 0.3 -0.1
v -1.7 0.3 -0.8
v -1.7 0.3 -0.9
v -1.7 0.4 1.8
v -1.7 0.4 1.7
v -1.7 0.4 -0.7
v -1.7 0.4 -0.8
v -1.7 0.4 -0.9
v -1.7 0.5 1.9
v -1.7 0.5 1.8
v -1.7 0.5 1.7
v -1.7 0.5 1.6
v -1.7 0.5 1.5
v -1.7 0.5 -2.38419e-07
v -1.7 0.5 -0.1
v -1.7 0.6 2
v -1.7 0.6 1.8
v -1.7 0.6 0.5
v -1.7 0.6 0.4
v -1.7 0.6 -2.38419e-07
v -1.7 0.6 -0.1
v -1.7 0.6 -0.7
v -1.7 0.6 -0.8
v -1.7 0.7 0.5
v -1.7 0.7 0.4
v -1.5 3.5 -1.8
v -1.5 3.5 -1.9
v -1.5 3.6 -1.8
v -1.5 3.6 -1.9
v -1.4 2.1 -1.8
v -1.4 2.1 -1.9
v -1.4 2.2 -1.8
v -1.4 2.2 -1.9
v -1.4 2.7 -1.8
v -1.4 2.7 -1.9
v -1.4 2.8 -1.8
v -1.4 2.8 -1.9
v -1.4 3 -1.8
v -1.4 3 -1.9
v -1.4 3.1 -1.8
v -1.4 3.1 -1.9
v -1.3 0.8 1.6
v -1.3 0.8 1.5
v -1.3 1 1.5
v -1.3 1 1.4
v -1.3 1.1 1.5
v -1.3 1.1 1.4
v -1.3 1.4 1.6
v -1.3 1.4 1.5
v -1.3 1.6 1.5
v -1.3 1.6 -0.6
v -1.3 1.6 -1.8
v -1.3 1.6 -1.9
v -1.3 1.7 1.6
v -1.3 1.7 1.5
v -1.3 1.7 0.8
v -1.3 1.7 0.7
v -1.3 1.8 0.8
v -1.3 1.8 0.7
v -1.3 1.9 1.6
v -1.3 1.9 1.5
v -1.3 1.9 1.4
v -1.3 1.9 -0.6
v -1.3 1.9 -1.8
v -1.3 1.9 -1.9
v -1.3 2 1.5
v -1.3 2 1.4
v -1.3 2.2 -1.8
v -1.3 2.2 -1.9
v -1.3 2.3 -1.8
v -1.3 2.3 -1.9
v -1.3 2.6 -1.8
v -1.3 2.6 -1.9
v -1.3 2.7 -1.8
v -1.3 2.7 -1.9
v -1.2 2.3 -1.8
v -1.2 2.3 -1.9
v -1.2 2.6 -1.8
v -1.2 2.6 -1.9
v -1.1 0.7 -1.8
v -1.1 0.7 -1.9
v -1.1 0.8 -1.8
v -1.1 0.8 -1.9
v -1.1 1.1 -1.8
v -1.1 1.1 -1.9
v -1.1 1.2 -1.8
v -1.1 1.2 -1.9
v -1.1 3.1 -1.7
v -1.1 3.1 -1.8
v -1.1 3.2 -1.7
v -1.1 3.2 -1.8
v -1.1 3.6 -1.7
v -1.1 3.6 -1.8
v -1.1 3.7 -1.7
v -1.1 3.7 -1.8
v -1 0.8 1.6
v -1 0.8 1.5
v -1 0.8 -1.8
v -1 0.8 -1.9
v -1 1 1.6
v -1 1 1.5
v -1 1 1.4
v -1 1.1 1.6
v -1 1.1 1.5
v -1 1.1 1.4
v -1 1.1 -1.8
v -1 1.1 -1.9
v -1 1.3 1.6
v -1 1.3 1.5
v -1 3 -1.8
v -1 3 -1.9
v -1 3.2 -1.8
v -1 3.2 -1.9
v -1 3.5 -1.8
v -1 3.5 -1.9
v -1 3.7 -1.8
v -1 3.7 -1.9
v -0.9 2.8 -1.8
v -0.9 2.8 -1.9
v -0.9 2.9 -1.7
v -0.9 2.9 -1.8
v -0.9 2.9 -1.9
v -0.9 3 -1.7
v -0.9 3 -1.8
v -0.9 3.4 -1.7
v -0.9 3.4 -1.8
v -0.9 3.5 -1.7
v -0.9 3.5 -1.8
v -0.8 2.9 -1.8
v -0.8 2.9 -1.9
v -0.8 3 -1.8
v -0.8 3 -1.9
v -0.8 3.3 -1.7
v -0.8 3.3 -1.8
v -0.8 3.4 -1.7
v -0.8 3.4 -1.8
v -0.8 3.4 -1.9
v -0.8 3.5 -1.8
v -0.8 3.5 -1.9
v -0.7 3 -1.8
v -0.7 3 -1.9
v -0.7 3.1 -1.8
v -0.7 3.1 -1.9
v -0.7 3.3 -1.8
v -0.7 3.3 -1.9
v -0.7 3.4 -1.8
v -0.7 3.4 -1.9
v -0.6 3.4 -1.8
v -0.6 3.4 -1.9
v -0.6 3.5 -1.8
v -0.6 3.5 -1.9
v -0.5 0.5 -1.8
v -0.5 0.5 -1.9
v -0.5 0.6 -1.8
v -0.5 0.6 -1.9
v -0.5 0.7 1.5
v -0.5 0.7 1.4
v -0.5 0.8 1.6
v -0.5 0.8 1.5
v -0.5 0.8 1.4
v -0.5 0.9 -1.8
v -0.5 0.9 -1.9
v -0.5 1 1.6
v -0.5 1 1.5
v -0.5 1 1.4
v -0.5 1 -1.8
v -0.5 1 -1.9
v -0.5 1.1 1.6
v -0.5 1.1 1.5
v -0.5 1.1 1.4
v -0.5 1.3 1.6
v -0.5 1.3 1.5
v -0.5 1.3 1.4
v -0.5 1.4 1.5
v -0.5 1.4 1.4
v -0.5 1.7 -1.8
v -0.5 1.7 -1.9
v -0.5 1.8 -1.8
v -0.5 1.8 -1.9
v -0.5 2.3 -1.8
v -0.5 2.3 -1.9
v -0.5 2.4 -1.8
v -0.5 2.4 -1.9
v -0.4 0.6 -1.8
v -0.4 0.6 -1.9
v -0.4 0.9 -1.8
v -0.4 0.9 -1.9
v -0.4 1.8 -1.8
v -0.4 1.8 -1.9
v -0.4 1.9 -1.8
v -0.4 1.9 -1.9
v -0.4 2.2 -1.8
v -0.4 2.2 -1.9
v -0.4 2.3 -1.8
v -0.4 2.3 -1.9
v -0.4 3.2 -1.7
v -0.4 3.2 -1.8
v -0.4 3.2 -1.9
v -0.4 3.3 -1.7
v -0.4 3.3 -1.9
v -0.4 3.5 -1.8
v -0.4 3.5 -1.9
v -0.4 3.6 -1.8
v -0.4 3.6 -1.9
v -0.3 1.9 -1.8
v -0.3 1.9 -1.9
v -0.3 2.2 -1.8
v -0.3 2.2 -1.9
v -0.3 3.1 -1.8
v -0.3 3.1 -1.9
v -0.3 3.2 -1.8
v -0.3 3.2 -1.9
v -0.3 3.6 -1.7
v -0.3 3.6 -1.8
v -0.3 3.7 -1.7
v -0.3 3.7 -1.8
v -0.0999999 0 2
v -0.0999999 0 1.6
v -0.0999999 0.1 2
v -0.0999999 0.1 1.6
v -0.0999999 0.1 1.5
v -0.0999999 0.8 1.5
v -0.0999999 0.8 1.4
v -0.0999999 0.9 1.5
v -0.0999999 0.9 1.4
v -0.0999999 1 1.6
v -0.0999999 1 1.5
v -0.0999999 3 -1.8
v -0.0999999 3 -1.9
v -0.0999999 3.1 -1.8
v -0.0999999 3.1 -1.9
v -0.0999999 3.6 -1.8
v -0.0999999 3.6 -1.9
v -0.0999999 3.7 -1.8
v -0.0999999 3.7 -1.9
v 2.38419e-07 0.2 1.5
v 2.38419e-07 0.2 1.4
v 2.38419e-07 0.3 1.5
v 2.38419e-07 0.5 1.5
v 2.38419e-07 0.5 1.4
v 2.38419e-07 0.5 -1.8
v 2.38419e-07 0.5 -1.9
v 2.38419e-07 0.8 -1.8
v 2.38419e-07 0.8 -1.9
v 0.1 3.5 -1.8
v 0.1 3.5 -1.9
v 0.1 3.6 -1.8
v 0.1 3.6 -1.9
v 0.2 1 -1.8
v 0.2 1 -1.9
v 0.2 1.1 -1.8
v 0.2 1.1 -1.9
v 0.2 1.6 -1.8
v 0.2 1.6 -1.9
v 0.2 1.7 -1.8
v 0.2 1.7 -1.9
v 0.2 2.3 -1.8
v 0.2 2.3 -1.9
v 0.2 2.4 -1.8
v 0.2 2.4 -1.9
v 0.2 2.9 -1.8
v 0.2 2.9 -1.9
v 0.2 3 -1.8
v 0.2 3 -1.9
v 0.3 0.1 1.6
v 0.3 0.1 1.5
v 0.3 0.9 1.6
v 0.3 0.9 1.5
v 0.3 0.9 1.4
v 0.3 1 1.5
v 0.3 1 1.4
v 0.3 1.1 -1.8
v 0.3 1.1 -1.9
v 0.3 1.2 -1.8
v 0.3 1.2 -1.9
v 0.3 1.5 -1.8
v 0.3 1.5 -1.9
v 0.3 1.6 -1.8
v 0.3 1.6 -1.9
v 0.3 2.4 -1.8
v 0.3 2.4 -1.9
v 0.3 2.5 -1.8
v 0.3 2.5 -1.9
v 0.3 2.8 -1.8
v 0.3 2.8 -1.9
v 0.3 2.9 -1.8
v 0.3 2.9 -1.9
v 0.4 1.2 -1.8
v 0.4 1.2 -1.9
v 0.4 1.5 -1.8
v 0.4 1.5 -1.9
v 0.4 2.5 -1.8
v 0.4 2.5 -1.9
v 0.4 2.8 -1.8
v 0.4 2.8 -1.9
v 0.5 0.8 1.6
v 0.5 0.8 1.4
v 0.5 0.9 1.5
v 0.5 0.9 1.4
v 0.5 1.4 1.6
v 0.5 1.4 1.5
v 0.5 3.5 -1.8
v 0.5 3.5 -1.9
v 0.5 3.6 -1.8
v 0.5 3.6 -1.9
v 0.6 0.5 -1.8
v 0.6 0.5 -1.9
v 0.6 0.8 -1.8
v 0.6 0.8 -1.9
v 0.7 1.7 -1.8
v 0.7 1.7 -1.9
v 0.7 1.8 -1.8
v 0.7 1.8 -1.9
v 0.7 2.3 -1.8
v 0.7 2.3 -1.9
v 0.7 2.4 -1.8
v 0.7 2.4 -1.9
v 0.7 3.2 -1.8
v 0.7 3.2 -1.9
v 0.7 3.4 -1.8
v 0.7 3.4 -1.9
v 0.8 1.8 -1.8
v 0.8 1.8 -1.9
v 0.8 1.9 -1.8
v 0.8 1.9 -1.9
v 0.8 2.2 -1.8
v 0.8 2.2 -1.9
v 0.8 2.3 -1.8
v 0.8 2.3 -1.9
v 0.8 2.9 -1.8
v 0.8 2.9 -1.9
v 0.8 3 -1.8
v 0.8 3 -1.9
v 0.8 3.4 -1.8
v 0.8 3.4 -1.9
v 0.8 3.5 -1.8
v 0.8 3.5 -1.9
v 0.8 3.7 -1.7
v 0.8 3.7 -1.8
v 0.8 3.9 -1.7
v 0.8 3.9 -1.8
v 0.9 0.8 1.5
v 0.9 0.8 1.4
v 0.9 0.9 1.6
v 0.9 0.9 1.5
v 0.9 0.9 1.4
v 0.9 1 1.6
v 0.9 1 1.5
v 0.9 1 1.4
v 0.9 1.1 1.6
v 0.9 1.1 1.5
v 0.9 1.1 1.4
v 0.9 1.3 1.6
v 0.9 1.3 1.5
v 0.9 1.9 -1.8
v 0.9 1.9 -1.9
v 0.9 2.2 -1.8
v 0.9 2.2 -1.9
v 0.9 3 -1.8
v 0.9 3 -1.9
v 0.9 3.2 -1.8
v 0.9 3.2 -1.9
v 1 1.4 -1.8
v 1 1.4 -1.9
v 1 1.7 -1.8
v 1 1.7 -1.9
v 1 2.8 -1.8
v 1 2.8 -1.9
v 1 2.9 -1.8
v 1 2.9 -1.9
v 1 3.2 -1.8
v 1 3.2 -1.9
v 1 3.3 -1.8
v 1 3.3 -1.9
v 1.1 2.9 -1.8
v 1.1 2.9 -1.9
v 1.1 3.1 -1.8
v 1.1 3.1 -1.9
v 1.1 3.3 -1.7
v 1.1 3.3 -1.8
v 1.1 3.4 -1.7
v 1.1 3.4 -1.8
v 1.2 0.9 1.6
v 1.2 0.9 1.5
v 1.2 1 1.6
v 1.2 1 1.5
v 1.2 1.1 1.6
v 1.2 1.1 1.5
v 1.2 1.3 1.6
v 1.2 1.3 1.5
v 1.2 1.3 1.4
v 1.2 1.4 1.5
v 1.2 1.4 1.4
v 1.3 0.1 1.6
v 1.3 0.1 -0.6
v 1.3 0.8 1.6
v 1.3 0.8 1.5
v 1.3 1.3 1.5
v 1.3 1.3 1.4
v 1.3 1.4 1.6
v 1.3 1.4 1.4
v 1.3 1.6 1.7
v 1.3 1.6 1.6
v 1.3 1.6 -0.6
v 1.3 1.8 1.8
v 1.3 1.8 1.7
v 1.3 1.9 1.8
v 1.3 1.9 -0.6
v 1.3 3 -1.8
v 1.3 3 -1.9
v 1.3 3.2 -1.7
v 1.3 3.2 -1.8
v 1.3 3.2 -1.9
v 1.3 3.3 -1.7
v 1.3 3.3 -1.8
v 1.4 2.7 -1.8
v 1.4 2.7 -1.9
v 1.4 3 -1.8
v 1.4 3 -1.9
v 1.5 3 -1.8
v 1.5 3 -1.9
v 1.5 3.2 -1.7
v 1.5 3.2 -1.8
v 1.5 3.2 -1.9
v 1.5 3.3 -1.7
v 1.5 3.3 -1.8
v 1.6 0.4 -1.8
v 1.6 0.4 -1.9
v 1.6 0.5 -1.8
v 1.6 0.5 -1.9
v 1.6 1.2 -1.8
v 1.6 1.2 -1.9
v 1.6 1.3 -1.8
v 1.6 1.3 -1.9
v 1.6 2.8 -1.8
v 1.6 2.8 -1.9
v 1.6 3 -1.8
v 1.6 3 -1.9
v 1.7 0.5 -1.8
v 1.7 0.5 -1.9
v 1.7 0.6 -1.8
v 1.7 0.6 -1.9
v 1.7 1.1 -1.8
v 1.7 1.1 -1.9
v 1.7 1.2 -1.8
v 1.7 1.2 -1.9
v 1.7 1.5 -1.8
v 1.7 1.5 -1.9
v 1.7 1.6 -1.8
v 1.7 1.6 -1.9
v 1.7 2.1 -1.8
v 1.7 2.1 -1.9
v 1.7 2.2 -1.8
v 1.7 2.2 -1.9
v 1.7 3.2 -1.6
v 1.7 3.2 -1.8
v 1.7 3.2 -1.9
v 1.7 3.3 -1.6
v 1.7 3.3 -1.8
v 1.7 3.3 -1.9
v 1.8 0.6 -1.8
v 1.8 0.6 -1.9
v 1.8 1.1 -1.8
v 1.8 1.1 -1.9
v 1.8 1.6 -1.8
v 1.8 1.6 -1.9
v 1.8 1.7 -1.8
v 1.8 1.7 -1.9
v 1.8 2 -1.8
v 1.8 2 -1.9
v 1.8 2.1 -1.8
v 1.8 2.1 -1.9
v 1.8 3.1 -1.8
v 1.8 3.1 -1.9
v 1.8 3.2 -1.8
v 1.8 3.2 -1.9
v 2 0 2
v 2 0 -2
v 2 0.1 2
v 2 0.1 -2
v 2 4 2
v 2 4 -2
v -2 0 2
v -2 0.1 2
v -2 4 2
v -1.9 0.1 2
v -1.9 0.7 2
v -1.9 4 2
v -1.8 0.6 2
v -1.8 0.7 2
v -1.7 0.1 2
v -1.7 0.6 2
v -0.0999999 0 2
v -0.0999999 0.1 2
v 0.4 0 2
v 0.4 0.1 2
v 1.7 0.1 2
v 1.7 0.2 2
v 1.8 0.2 2
v 1.8 0.3 2
v 1.9 0.1 2
v 1.9 0.3 2
v 1.9 4 2
v 2 0 2
v 2 0.1 2
v 2 4 2
v -1.9 0.7 1.9
v -1.9 0.9 1.9
v -1.8 0.7 1.9
v -1.8 0.9 1.9
v 1.7 0.2 1.9
v 1.7 0.3 1.9
v 1.8 0.2 1.9
v 1.8 0.3 1.9
v 1.8 0.7 1.9
v 1.9 0.3 1.9
v 1.9 0.7 1.9
v -1.9 0.1 1.8
v -1.9 0.2 1.8
v -1.8 0.1 1.8
v -1.8 0.2 1.8
v -1.8 0.4 1.8
v -1.8 0.5 1.8
v -1.7 0.4 1.8
v -1.7 0.5 1.8
v 1.2 1.8 1.8
v 1.2 1.9 1.8
v 1.3 1.8 1.8
v 1.3 1.9 1.8
v 1.2 1.6 1.7
v 1.2 1.8 1.7
v 1.3 1.6 1.7
v 1.3 1.8 1.7
v 1.8 0.2 1.7
v 1.8 0.3 1.7
v 1.9 0.2 1.7
v 1.9 0.3 1.7
v -1.9 0.5 1.6
v -1.9 0.9 1.6
v -1.8 0.3 1.6
v -1.8 0.5 1.6
v -1.8 0.9 1.6
v -1.7 0.3 1.6
v -1.7 0.5 1.6
v -1.4 0.1 1.6
v -1.4 0.7 1.6
v -1.4 0.8 1.6
v -1.4 1.6 1.6
v -1.4 1.9 1.6
v -1.3 0.8 1.6
v -1.3 1.4 1.6
v -1.3 1.5 1.6
v -1.3 1.6 1.6
v -1.3 1.7 1.6
v -1.3 1.9 1.6
v -1.2 0.8 1.6
v -1.2 1 1.6
v -1.2 1.1 1.6
v -1.2 1.3 1.6
v -1 0.8 1.6
v -1 1 1.6
v -1 1.1 1.6
v -1 1.3 1.6
v -0.9 0.8 1.6
v -0.9 1 1.6
v -0.9 1.1 1.6
v -0.9 1.3 1.6
v -0.5 0.8 1.6
v -0.5 1 1.6
v -0.5 1.1 1.6
v -0.5 1.3 1.6
v -0.4 0.7 1.6
v -0.4 1.4 1.6
v -0.0999999 0 1.6
v -0.0999999 0.1 1.6
v -0.0999999 1 1.6
v 2.38419e-07 0.1 1.6
v 2.38419e-07 0.3 1.6
v 2.38419e-07 0.7 1.6
v 2.38419e-07 0.9 1.6
v 0.1 0.3 1.6
v 0.1 0.7 1.6
v 0.3 0.1 1.6
v 0.3 0.9 1.6
v 0.4 0 1.6
v 0.4 0.1 1.6
v 0.4 1 1.6
v 0.5 0.8 1.6
v 0.5 1.4 1.6
v 0.6 0.9 1.6
v 0.6 1 1.6
v 0.6 1.1 1.6
v 0.6 1.3 1.6
v 0.9 0.9 1.6
v 0.9 1 1.6
v 0.9 1.1 1.6
v 0.9 1.3 1.6
v 1 0.9 1.6
v 1 1 1.6
v 1 1.1 1.6
v 1 1.3 1.6
v 1.2 0.9 1.6
v 1.2 1 1.6
v 1.2 1.1 1.6
v 1.2 1.3 1.6
v 1.2 1.5 1.6
v 1.2 1.6 1.6
v 1.2 1.7 1.6
v 1.3 0.1 1.6
v 1.3 0.8 1.6
v 1.3 1.4 1.6
v 1.3 1.6 1.6
v -1.4 0.7 1.5
v -1.4 0.8 1.5
v -1.4 1.9 1.5
v -1.4 2 1.5
v -1.3 0.8 1.5
v -1.3 1 1.5
v -1.3 1.1 1.5
v -1.3 1.4 1.5
v -1.3 1.9 1.5
v -1.3 2 1.5
v -1.2 0.8 1.5
v -1.2 1 1.5
v -1.2 1.1 1.5
v -1.2 1.3 1.5
v -1 0.8 1.5
v -1 1 1.5
v -1 1.1 1.5
v -1 1.3 1.5
v -0.9 0.8 1.5
v -0.9 1 1.5
v -0.9 1.1 1.5
v -0.9 1.3 1.5
v -0.5 0.7 1.5
v -0.5 0.8 1.5
v -0.5 1 1.5
v -0.5 1.1 1.5
v -0.5 1.3 1.5
v -0.5 1.4 1.5
v -0.4 0.8 1.5
v -0.4 1 1.5
v -0.4 1.1 1.5
v -0.4 1.3 1.5
v -0.0999999 0.1 1.5
v -0.0999999 0.8 1.5
v -0.0999999 0.9 1.5
v -0.0999999 1 1.5
v 2.38419e-07 0.1 1.5
v 2.38419e-07 0.3 1.5
v 2.38419e-07 0.5 1.5
v 2.38419e-07 0.7 1.5
v 2.38419e-07 0.8 1.5
v 2.38419e-07 0.9 1.5
v 0.1 0.5 1.5
v 0.1 0.7 1.5
v 0.3 0.1 1.5
v 0.3 0.9 1.5
v 0.3 1 1.5
v 0.4 0.1 1.5
v 0.4 0.9 1.5
v 0.5 0.9 1.5
v 0.5 1.4 1.5
v 0.6 0.8 1.5
v 0.6 0.9 1.5
v 0.6 1 1.5
v 0.6 1.1 1.5
v 0.6 1.3 1.5
v 0.9 0.8 1.5
v 0.9 0.9 1.5
v 0.9 1 1.5
v 0.9 1.1 1.5
v 0.9 1.3 1.5
v 1 0.8 1.5
v 1 0.9 1.5
v 1 1 1.5
v 1 1.1 1.5
v 1 1.3 1.5
v 1.2 0.9 1.5
v 1.2 1 1.5
v 1.2 1.1 1.5
v 1.2 1.3 1.5
v 1.2 1.4 1.5
v 1.3 0.8 1.5
v 1.3 1.3 1.5
v 1.8 0.4 1.5
v 1.8 0.5 1.5
v 1.9 0.4 1.5
v 1.9 0.5 1.5
v -1.9 0.2 1.4
v -1.9 0.3 1.4
v -1.9 0.4 1.4
v -1.9 0.6 1.4
v -1.8 0.2 1.4
v -1.8 0.3 1.4
v -1.8 0.4 1.4
v -1.8 0.6 1.4
v -1.3 1 1.4
v -1.3 1.1 1.4
v -1.2 1 1.4
v -1.2 1.1 1.4
v -1 1 1.4
v -1 1.1 1.4
v -0.9 1 1.4
v -0.9 1.1 1.4
v -0.5 0.7 1.4
v -0.5 0.8 1.4
v -0.5 1 1.4
v -0.5 1.1 1.4
v -0.5 1.3 1.4
v -0.5 1.4 1.4
v -0.4 0.7 1.4
v -0.4 0.8 1.4
v -0.4 1 1.4
v -0.4 1.1 1.4
v -0.4 1.3 1.4
v -0.4 1.4 1.4
v -0.0999999 0.8 1.4
v -0.0999999 0.9 1.4
v 2.38419e-07 0.2 1.4
v 2.38419e-07 0.5 1.4
v 2.38419e-07 0.8 1.4
v 2.38419e-07 0.9 1.4
v 0.1 0.2 1.4
v 0.1 0.5 1.4
v 0.3 0.9 1.4
v 0.3 1 1.4
v 0.4 0.9 1.4
v 0.4 1 1.4
v 0.5 0.8 1.4
v 0.5 0.9 1.4
v 0.6 0.8 1.4
v 0.6 0.9 1.4
v 0.9 0.8 1.4
v 0.9 0.9 1.4
v 0.9 1 1.4
v 0.9 1.1 1.4
v 1 0.8 1.4
v 1 0.9 1.4
v 1 1 1.4
v 1 1.1 1.4
v 1.2 1.3 1.4
v 1.2 1.4 1.4
v 1.3 1.3 1.4
v 1.3 1.4 1.4
v 1.7 0.5 1.4
v 1.7 0.6 1.4
v 1.8 0.5 1.4
v 1.8 0.6 1.4
v 1.8 0.7 1.4
v 1.9 0.5 1.4
v 1.9 0.7 1.4
v -1.9 0.3 1.3
v -1.9 0.4 1.3
v -1.8 0.3 1.3
v -1.8 0.4 1.3
v 1.7 0.4 1.3
v 1.7 0.5 1.3
v 1.8 0.1 1.3
v 1.8 0.2 1.3
v 1.8 0.4 1.3
v 1.8 0.5 1.3
v 1.9 0.1 1.3
v 1.9 0.2 1.3
v -1.9 0.1 1.2
v -1.9 0.2 1.2
v -1.8 0.1 1.2
v -1.8 0.2 1.2
v -1.9 0.3 1.1
v -1.9 0.8 1.1
v -1.8 0.3 1.1
v -1.8 0.8 1.1
v 1.7 0.2 1.1
v 1.7 0.4 1.1
v 1.8 0.2 1.1
v 1.8 0.3 1.1
v 1.8 0.4 1.1
v 1.8 0.7 1.1
v 1.9 0.3 1.1
v 1.9 0.7 1.1
v 1.7 0.6 1
v 1.7 0.7 1
v 1.8 0.6 1
v 1.8 0.7 1
v -1.9 0.1 0.9
v -1.9 0.7 0.9
v -1.8 0.1 0.9
v -1.8 0.7 0.9
v 1.7 0.2 0.9
v 1.7 0.3 0.9
v 1.7 0.5 0.9
v 1.7 0.6 0.9
v 1.8 0.2 0.9
v 1.8 0.3 0.9
v 1.8 0.5 0.9
v 1.8 0.6 0.9
v 1.8 0.1 0.8
v 1.8 0.2 0.8
v 1.9 0.1 0.8
v 1.9 0.2 0.8
v -1.9 0.1 0.7
v -1.9 0.4 0.7
v -1.8 0.1 0.7
v -1.8 0.2 0.7
v -1.8 0.3 0.7
v -1.8 0.4 0.7
v -1.7 0.2 0.7
v -1.7 0.3 0.7
v -1.4 1.7 0.7
v -1.4 1.8 0.7
v -1.3 1.7 0.7
v -1.3 1.8 0.7
v 1.8 0.3 0.7
v 1.8 0.6 0.7
v 1.9 0.3 0.7
v 1.9 0.6 0.7
v -1.9 0.5 0.6
v -1.9 0.8 0.6
v -1.8 0.5 0.6
v -1.8 0.8 0.6
v 1.8 0.6 0.6
v 1.8 0.8 0.6
v 1.9 0.6 0.6
v 1.9 0.8 0.6
v -1.9 0.1 0.5
v -1.9 0.2 0.5
v -1.8 0.1 0.5
v -1.8 0.2 0.5
v -1.8 0.6 0.5
v -1.8 0.7 0.5
v -1.7 0.6 0.5
v -1.7 0.7 0.5
v 1.8 0.2 0.5
v 1.8 0.4 0.5
v 1.9 0.2 0.5
v 1.9 0.4 0.5
v -1.9 0.2 0.4
v -1.9 0.6 0.4
v -1.8 0.2 0.4
v -1.8 0.6 0.4
v 1.8 0.1 0.3
v 1.8 0.2 0.3
v 1.9 0.1 0.3
v 1.9 0.2 0.3
v -1.9 0.2 0.2
v -1.9 0.4 0.2
v -1.8 0.2 0.2
v -1.8 0.4 0.2
v 1.7 0.2 0.2
v 1.7 0.5 0.2
v 1.8 0.2 0.2
v 1.8 0.3 0.2
v 1.8 0.5 0.2
v 1.8 0.6 0.2
v 1.9 0.3 0.2
v 1.9 0.6 0.2
v -1.9 0.1 0.0999999
v -1.9 0.2 0.0999999
v -1.9 0.4 0.0999999
v -1.9 0.6 0.0999999
v -1.8 0.1 0.0999999
v -1.8 0.2 0.0999999
v -1.8 0.3 0.0999999
v -1.8 0.4 0.0999999
v -1.8 0.6 0.0999999
v -1.7 0.2 0.0999999
v -1.7 0.3 0.0999999
v 1.7 0.5 0.0999999
v 1.7 0.6 0.0999999
v 1.8 0.5 0.0999999
v 1.8 0.6 0.0999999
v 1.8 0.7 0.0999999
v 1.9 0.6 0.0999999
v 1.9 0.7 0.0999999
v -1.9 0.6 -2.38419e-07
v -1.9 0.7 -2.38419e-07
v -1.8 0.5 -2.38419e-07
v -1.8 0.6 -2.38419e-07
v -1.8 0.7 -2.38419e-07
v -1.7 0.5 -2.38419e-07
v -1.7 0.6 -2.38419e-07
v 1.8 0.1 -2.38419e-07
v 1.8 0.2 -2.38419e-07
v 1.8 0.3 -2.38419e-07
v 1.8 0.5 -2.38419e-07
v 1.8 0.7 -2.38419e-07
v 1.8 0.8 -2.38419e-07
v 1.9 0.1 -2.38419e-07
v 1.9 0.2 -2.38419e-07
v 1.9 0.3 -2.38419e-07
v 1.9 0.5 -2.38419e-07
v 1.9 0.7 -2.38419e-07
v 1.9 0.8 -2.38419e-07
v 1.7 0.3 -0.1
v 1.7 0.4 -0.1
v 1.8 0.2 -0.1
v 1.8 0.3 -0.1
v 1.8 0.4 -0.1
v 1.8 0.5 -0.1
v 1.8 0.6 -0.1
v 1.9 0.2 -0.1
v 1.9 0.3 -0.1
v 1.9 0.5 -0.1
v 1.9 0.6 -0.1
v -1.9 0.1 -0.2
v -1.9 0.3 -0.2
v -1.9 0.5 -0.2
v -1.9 0.6 -0.2
v -1.8 0.1 -0.2
v -1.8 0.3 -0.2
v -1.8 0.5 -0.2
v -1.8 0.6 -0.2
v 1.7 0.2 -0.3
v 1.7 0.3 -0.3
v 1.7 0.4 -0.3
v 1.7 0.6 -0.3
v 1.8 0.2 -0.3
v 1.8 0.3 -0.3
v 1.8 0.4 -0.3
v 1.9 0.4 -0.3
v 1.9 0.6 -0.3
v 1.8 0.6 -0.4
v 1.8 0.7 -0.4
v 1.9 0.6 -0.4
v 1.9 0.7 -0.4
v -1.9 0.1 -0.5
v -1.9 0.2 -0.5
v -1.8 0.1 -0.5
v -1.8 0.2 -0.5
v 1.8 0.1 -0.5
v 1.8 0.4 -0.5
v 1.8 0.7 -0.5
v 1.8 0.9 -0.5
v 1.9 0.1 -0.5
v 1.9 0.4 -0.5
v 1.9 0.7 -0.5
v 1.9 0.9 -0.5
v -1.9 0.3 -0.6
v -1.9 0.8 -0.6
v -1.8 0.3 -0.6
v -1.8 0.8 -0.6
v 1.7 0.1 -0.6
v 1.7 0.2 -0.6
v 1.8 0.1 -0.6
v 1.8 0.2 -0.6
v 1.8 0.4 -0.6
v 1.8 0.6 -0.6
v 1.9 0.4 -0.6
v 1.9 0.6 -0.6
v -1.8 0.4 -0.7
v -1.8 0.6 -0.7
v -1.7 0.4 -0.7
v -1.7 0.6 -0.7
v 1.8 0.3 -0.7
v 1.8 0.4 -0.7
v 1.9 0.3 -0.7
v 1.9 0.4 -0.7
v -1.9 0.1 -0.8
v -1.9 0.3 -0.8
v -1.8 0.1 -0.8
v -1.8 0.3 -0.8
v -1.8 0.4 -0.8
v -1.7 0.3 -0.8
v -1.7 0.4 -0.8
v 1.7 0.2 -0.9
v 1.7 0.3 -0.9
v 1.8 0.2 -0.9
v 1.8 0.3 -0.9
v 1.8 0.4 -0.9
v 1.9 0.3 -0.9
v 1.9 0.4 -0.9
v 1.7 0.3 -1
v 1.7 0.4 -1
v 1.8 0.3 -1
v 1.8 0.4 -1
v 1.8 0.7 -1
v 1.9 0.4 -1
v 1.9 0.7 -1
v -1.9 0.1 -1.1
v -1.9 0.2 -1.1
v -1.9 0.4 -1.1
v -1.9 0.7 -1.1
v -1.8 0.1 -1.1
v -1.8 0.2 -1.1
v -1.8 0.4 -1.1
v -1.8 0.7 -1.1
v 1.8 0.1 -1.1
v 1.8 0.3 -1.1
v 1.8 0.7 -1.1
v 1.8 0.9 -1.1
v 1.9 0.1 -1.1
v 1.9 0.3 -1.1
v 1.9 0.7 -1.1
v 1.9 0.9 -1.1
v -1.9 0.2 -1.2
v -1.9 0.4 -1.2
v -1.8 0.2 -1.2
v -1.8 0.4 -1.2
v 1.8 0.3 -1.2
v 1.8 0.7 -1.2
v 1.9 0.3 -1.2
v 1.9 0.7 -1.2
v 1.8 0.1 -1.3
v 1.8 0.2 -1.3
v 1.9 0.1 -1.3
v 1.9 0.2 -1.3
v -1.9 0.1 -1.4
v -1.9 0.3 -1.4
v -1.9 0.4 -1.4
v -1.9 0.5 -1.4
v -1.8 0.1 -1.4
v -1.8 0.3 -1.4
v -1.8 0.4 -1.4
v -1.8 0.5 -1.4
v 1.8 0.3 -1.4
v 1.8 0.5 -1.4
v 1.9 0.3 -1.4
v 1.9 0.5 -1.4
v 1.7 0.4 -1.5
v 1.7 0.5 -1.5
v 1.8 0.4 -1.5
v 1.8 0.5 -1.5
v 1.6 3.2 -1.6
v 1.6 3.3 -1.6
v 1.7 3.2 -1.6
v 1.7 3.3 -1.6
v 1.8 0.1 -1.6
v 1.8 0.4 -1.6
v 1.8 3 -1.6
v 1.8 3.1 -1.6
v 1.9 0.1 -1.6
v 1.9 0.4 -1.6
v 1.9 3 -1.6
v 1.9 3.1 -1.6
v -1.9 0.3 -1.7
v -1.9 0.6 -1.7
v -1.8 0.3 -1.7
v -1.8 0.6 -1.7
v -1.2 3.1 -1.7
v -1.2 3.2 -1.7
v -1.2 3.6 -1.7
v -1.2 3.7 -1.7
v -1.1 3.1 -1.7
v -1.1 3.2 -1.7
v -1.1 3.6 -1.7
v -1.1 3.7 -1.7
v -1 2.9 -1.7
v -1 3 -1.7
v -1 3.4 -1.7
v -1 3.5 -1.7
v -0.9 2.9 -1.7
v -0.9 3 -1.7
v -0.9 3.3 -1.7
v -0.9 3.4 -1.7
v -0.9 3.5 -1.7
v -0.8 3.3 -1.7
v -0.8 3.4 -1.7
v -0.5 3.2 -1.7
v -0.5 3.3 -1.7
v -0.4 3.2 -1.7
v -0.4 3.3 -1.7
v -0.4 3.6 -1.7
v -0.4 3.7 -1.7
v -0.3 3.6 -1.7
v -0.3 3.7 -1.7
v 0.7 3.7 -1.7
v 0.7 3.9 -1.7
v 0.8 3.7 -1.7
v 0.8 3.9 -1.7
v 1 3.3 -1.7
v 1 3.4 -1.7
v 1.1 3.3 -1.7
v 1.1 3.4 -1.7
v 1.2 3.2 -1.7
v 1.2 3.3 -1.7
v 1.3 3.2 -1.7
v 1.3 3.3 -1.7
v 1.4 3.2 -1.7
v 1.4 3.3 -1.7
v 1.5 3.2 -1.7
v 1.5 3.3 -1.7
v -1.9 2.3 -1.8
v -1.9 2.6 -1.8
v -1.8 2.2 -1.8
v -1.8 2.3 -1.8
v -1.8 2.6 -1.8
v -1.8 2.7 -1.8
v -1.8 3.5 -1.8
v -1.8 3.6 -1.8
v -1.7 2.1 -1.8
v -1.7 2.2 -1.8
v -1.7 2.7 -1.8
v -1.7 2.8 -1.8
v -1.6 1.6 -1.8
v -1.6 1.9 -1.8
v -1.6 3 -1.8
v -1.6 3.1 -1.8
v -1.5 0.8 -1.8
v -1.5 1.1 -1.8
v -1.5 3.5 -1.8
v -1.5 3.6 -1.8
v -1.5 3.7 -1.8
v -1.4 0.7 -1.8
v -1.4 0.8 -1.8
v -1.4 1.1 -1.8
v -1.4 1.2 -1.8
v -1.4 2.1 -1.8
v -1.4 2.2 -1.8
v -1.4 2.7 -1.8
v -1.4 2.8 -1.8
v -1.4 3 -1.8
v -1.4 3.1 -1.8
v -1.4 3.2 -1.8
v -1.3 1.6 -1.8
v -1.3 1.9 -1.8
v -1.3 2.2 -1.8
v -1.3 2.3 -1.8
v -1.3 2.6 -1.8
v -1.3 2.7 -1.8
v -1.2 2.3 -1.8
v -1.2 2.6 -1.8
v -1.2 3.1 -1.8
v -1.2 3.2 -1.8
v -1.2 3.6 -1.8
v -1.2 3.7 -1.8
v -1.1 0.7 -1.8
v -1.1 0.8 -1.8
v -1.1 1.1 -1.8
v -1.1 1.2 -1.8
v -1.1 3 -1.8
v -1.1 3.1 -1.8
v -1.1 3.2 -1.8
v -1.1 3.5 -1.8
v -1.1 3.6 -1.8
v -1.1 3.7 -1.8
v -1 0.8 -1.8
v -1 1.1 -1.8
v -1 1.9 -1.8
v -1 2.2 -1.8
v -1 2.8 -1.8
v -1 2.9 -1.8
v -1 3 -1.8
v -1 3.2 -1.8
v -1 3.5 -1.8
v -1 3.7 -1.8
v -0.9 0.6 -1.8
v -0.9 0.9 -1.8
v -0.9 1.8 -1.8
v -0.9 1.9 -1.8
v -0.9 2.2 -1.8
v -0.9 2.3 -1.8
v -0.9 2.8 -1.8
v -0.9 2.9 -1.8
v -0.9 3 -1.8
v -0.9 3.4 -1.8
v -0.9 3.5 -1.8
v -0.8 0.5 -1.8
v -0.8 0.6 -1.8
v -0.8 0.9 -1.8
v -0.8 1 -1.8
v -0.8 1.7 -1.8
v -0.8 1.8 -1.8
v -0.8 2.3 -1.8
v -0.8 2.4 -1.8
v -0.8 2.9 -1.8
v -0.8 3 -1.8
v -0.8 3.1 -1.8
v -0.8 3.3 -1.8
v -0.8 3.4 -1.8
v -0.8 3.5 -1.8
v -0.7 3 -1.8
v -0.7 3.1 -1.8
v -0.7 3.2 -1.8
v -0.7 3.3 -1.8
v -0.7 3.4 -1.8
v -0.7 3.5 -1.8
v -0.6 3.4 -1.8
v -0.6 3.5 -1.8
v -0.6 3.6 -1.8
v -0.5 0.5 -1.8
v -0.5 0.6 -1.8
v -0.5 0.9 -1.8
v -0.5 1 -1.8
v -0.5 1.7 -1.8
v -0.5 1.8 -1.8
v -0.5 2.3 -1.8
v -0.5 2.4 -1.8
v -0.5 3.2 -1.8
v -0.4 0.6 -1.8
v -0.4 0.9 -1.8
v -0.4 1.8 -1.8
v -0.4 1.9 -1.8
v -0.4 2.2 -1.8
v -0.4 2.3 -1.8
v -0.4 3.2 -1.8
v -0.4 3.5 -1.8
v -0.4 3.6 -1.8
v -0.3 0.5 -1.8
v -0.3 0.8 -1.8
v -0.3 1.2 -1.8
v -0.3 1.5 -1.8
v -0.3 1.9 -1.8
v -0.3 2.2 -1.8
v -0.3 2.5 -1.8
v -0.3 2.8 -1.8
v -0.3 3 -1.8
v -0.3 3.1 -1.8
v -0.3 3.2 -1.8
v -0.3 3.6 -1.8
v -0.3 3.7 -1.8
v -0.2 1.1 -1.8
v -0.2 1.2 -1.8
v -0.2 1.5 -1.8
v -0.2 1.6 -1.8
v -0.2 2.4 -1.8
v -0.2 2.5 -1.8
v -0.2 2.8 -1.8
v -0.2 2.9 -1.8
v -0.0999999 1 -1.8
v -0.0999999 1.1 -1.8
v -0.0999999 1.6 -1.8
v -0.0999999 1.7 -1.8
v -0.0999999 2.3 -1.8
v -0.0999999 2.4 -1.8
v -0.0999999 2.9 -1.8
v -0.0999999 3 -1.8
v -0.0999999 3.1 -1.8
v -0.0999999 3.5 -1.8
v -0.0999999 3.6 -1.8
v -0.0999999 3.7 -1.8
v 2.38419e-07 0.5 -1.8
v 2.38419e-07 0.8 -1.8
v 0.1 3.5 -1.8
v 0.1 3.6 -1.8
v 0.2 1 -1.8
v 0.2 1.1 -1.8
v 0.2 1.6 -1.8
v 0.2 1.7 -1.8
v 0.2 1.9 -1.8
v 0.2 2.2 -1.8
v 0.2 2.3 -1.8
v 0.2 2.4 -1.8
v 0.2 2.9 -1.8
v 0.2 3 -1.8
v 0.3 0.5 -1.8
v 0.3 0.8 -1.8
v 0.3 1.1 -1.8
v 0.3 1.2 -1.8
v 0.3 1.5 -1.8
v 0.3 1.6 -1.8
v 0.3 1.8 -1.8
v 0.3 1.9 -1.8
v 0.3 2.2 -1.8
v 0.3 2.3 -1.8
v 0.3 2.4 -1.8
v 0.3 2.5 -1.8
v 0.3 2.8 -1.8
v 0.3 2.9 -1.8
v 0.3 3.5 -1.8
v 0.3 3.6 -1.8
v 0.4 1.2 -1.8
v 0.4 1.5 -1.8
v 0.4 1.7 -1.8
v 0.4 1.8 -1.8
v 0.4 2.3 -1.8
v 0.4 2.4 -1.8
v 0.4 2.5 -1.8
v 0.4 2.8 -1.8
v 0.4 3.8 -1.8
v 0.4 3.9 -1.8
v 0.5 3.5 -1.8
v 0.5 3.6 -1.8
v 0.5 3.7 -1.8
v 0.6 0.5 -1.8
v 0.6 0.8 -1.8
v 0.6 3.2 -1.8
v 0.6 3.4 -1.8
v 0.7 1.4 -1.8
v 0.7 1.7 -1.8
v 0.7 1.8 -1.8
v 0.7 2.3 -1.8
v 0.7 2.4 -1.8
v 0.7 2.9 -1.8
v 0.7 3 -1.8
v 0.7 3.2 -1.8
v 0.7 3.4 -1.8
v 0.7 3.6 -1.8
v 0.7 3.7 -1.8
v 0.7 3.8 -1.8
v 0.7 3.9 -1.8
v 0.7 4 -1.8
v 0.8 1.8 -1.8
v 0.8 1.9 -1.8
v 0.8 2.2 -1.8
v 0.8 2.3 -1.8
v 0.8 2.9 -1.8
v 0.8 3 -1.8
v 0.8 3.2 -1.8
v 0.8 3.4 -1.8
v 0.8 3.5 -1.8
v 0.8 3.7 -1.8
v 0.8 3.9 -1.8
v 0.9 0.6 -1.8
v 0.9 1.1 -1.8
v 0.9 1.9 -1.8
v 0.9 2.2 -1.8
v 0.9 2.8 -1.8
v 0.9 2.9 -1.8
v 0.9 3 -1.8
v 0.9 3.2 -1.8
v 0.9 3.5 -1.8
v 1 0.5 -1.8
v 1 0.6 -1.8
v 1 1.1 -1.8
v 1 1.2 -1.8
v 1 1.4 -1.8
v 1 1.7 -1.8
v 1 2.8 -1.8
v 1 2.9 -1.8
v 1 3.1 -1.8
v 1 3.2 -1.8
v 1 3.3 -1.8
v 1 3.4 -1.8
v 1.1 0.4 -1.8
v 1.1 0.5 -1.8
v 1.1 1.2 -1.8
v 1.1 1.3 -1.8
v 1.1 2.9 -1.8
v 1.1 3.1 -1.8
v 1.1 3.3 -1.8
v 1.1 3.4 -1.8
v 1.2 1.7 -1.8
v 1.2 2 -1.8
v 1.2 3 -1.8
v 1.2 3.1 -1.8
v 1.2 3.2 -1.8
v 1.2 3.3 -1.8
v 1.3 1.6 -1.8
v 1.3 1.7 -1.8
v 1.3 2 -1.8
v 1.3 2.1 -1.8
v 1.3 2.7 -1.8
v 1.3 3 -1.8
v 1.3 3.2 -1.8
v 1.3 3.3 -1.8
v 1.4 1.5 -1.8
v 1.4 1.6 -1.8
v 1.4 2.1 -1.8
v 1.4 2.2 -1.8
v 1.4 2.7 -1.8
v 1.4 3 -1.8
v 1.4 3.2 -1.8
v 1.4 3.3 -1.8
v 1.5 2.8 -1.8
v 1.5 3 -1.8
v 1.5 3.2 -1.8
v 1.5 3.3 -1.8
v 1.6 0.4 -1.8
v 1.6 0.5 -1.8
v 1.6 1.2 -1.8
v 1.6 1.3 -1.8
v 1.6 2.8 -1.8
v 1.6 3 -1.8
v 1.6 3.2 -1.8
v 1.6 3.3 -1.8
v 1.7 0.5 -1.8
v 1.7 0.6 -1.8
v 1.7 1.1 -1.8
v 1.7 1.2 -1.8
v 1.7 1.5 -1.8
v 1.7 1.6 -1.8
v 1.7 2.1 -1.8
v 1.7 2.2 -1.8
v 1.7 3.1 -1.8
v 1.7 3.2 -1.8
v 1.7 3.3 -1.8
v 1.8 0.1 -1.8
v 1.8 0.3 -1.8
v 1.8 0.6 -1.8
v 1.8 1.1 -1.8
v 1.8 1.6 -1.8
v 1.8 1.7 -1.8
v 1.8 2 -1.8
v 1.8 2.1 -1.8
v 1.8 2.9 -1.8
v 1.8 3 -1.8
v 1.8 3.1 -1.8
v 1.8 3.2 -1.8
v 1.9 0.1 -1.8
v 1.9 0.3 -1.8
v 1.9 1.7 -1.8
v 1.9 2 -1.8
v 1.9 2.9 -1.8
v 1.9 3 -1.8
v 1.9 3.3 -1.8
v 1.9 4 -1.8
v -1.9 0.1 -1.9
v -1.9 0.5 -1.9
v -1.9 0.6 -1.9
v -1.9 2.3 -1.9
v -1.9 2.6 -1.9
v -1.9 4 -1.9
v -1.8 0.5 -1.9
v -1.8 0.6 -1.9
v -1.8 2.2 -1.9
v -1.8 2.3 -1.9
v -1.8 2.6 -1.9
v -1.8 2.7 -1.9
v -1.8 3.5 -1.9
v -1.8 3.6 -1.9
v -1.7 2.1 -1.9
v -1.7 2.2 -1.9
v -1.7 2.7 -1.9
v -1.7 2.8 -1.9
v -1.6 1.6 -1.9
v -1.6 1.9 -1.9
v -1.6 3 -1.9
v -1.6 3.1 -1.9
v -1.5 0.8 -1.9
v -1.5 1.1 -1.9
v -1.5 3.5 -1.9
v -1.5 3.6 -1.9
v -1.5 3.7 -1.9
v -1.4 0.7 -1.9
v -1.4 0.8 -1.9
v -1.4 1.1 -1.9
v -1.4 1.2 -1.9
v -1.4 2.1 -1.9
v -1.4 2.2 -1.9
v -1.4 2.7 -1.9
v -1.4 2.8 -1.9
v -1.4 3 -1.9
v -1.4 3.1 -1.9
v -1.4 3.2 -1.9
v -1.3 1.6 -1.9
v -1.3 1.9 -1.9
v -1.3 2.2 -1.9
v -1.3 2.3 -1.9
v -1.3 2.6 -1.9
v -1.3 2.7 -1.9
v -1.2 2.3 -1.9
v -1.2 2.6 -1.9
v -1.1 0.7 -1.9
v -1.1 0.8 -1.9
v -1.1 1.1 -1.9
v -1.1 1.2 -1.9
v -1.1 3 -1.9
v -1.1 3.1 -1.9
v -1.1 3.5 -1.9
v -1.1 3.6 -1.9
v -1 0.8 -1.9
v -1 1.1 -1.9
v -1 1.9 -1.9
v -1 2.2 -1.9
v -1 2.8 -1.9
v -1 3 -1.9
v -1 3.2 -1.9
v -1 3.4 -1.9
v -1 3.5 -1.9
v -1 3.7 -1.9
v -0.9 0.6 -1.9
v -0.9 0.9 -1.9
v -0.9 1.8 -1.9
v -0.9 1.9 -1.9
v -0.9 2.2 -1.9
v -0.9 2.3 -1.9
v -0.9 2.8 -1.9
v -0.9 2.9 -1.9
v -0.9 3.3 -1.9
v -0.9 3.4 -1.9
v -0.8 0.5 -1.9
v -0.8 0.6 -1.9
v -0.8 0.9 -1.9
v -0.8 1 -1.9
v -0.8 1.7 -1.9
v -0.8 1.8 -1.9
v -0.8 2.3 -1.9
v -0.8 2.4 -1.9
v -0.8 2.9 -1.9
v -0.8 3 -1.9
v -0.8 3.1 -1.9
v -0.8 3.4 -1.9
v -0.8 3.5 -1.9
v -0.7 3 -1.9
v -0.7 3.1 -1.9
v -0.7 3.2 -1.9
v -0.7 3.3 -1.9
v -0.7 3.4 -1.9
v -0.7 3.5 -1.9
v -0.6 3.4 -1.9
v -0.6 3.5 -1.9
v -0.6 3.6 -1.9
v -0.5 0.5 -1.9
v -0.5 0.6 -1.9
v -0.5 0.9 -1.9
v -0.5 1 -1.9
v -0.5 1.7 -1.9
v -0.5 1.8 -1.9
v -0.5 2.3 -1.9
v -0.5 2.4 -1.9
v -0.5 3.2 -1.9
v -0.5 3.3 -1.9
v -0.4 0.6 -1.9
v -0.4 0.9 -1.9
v -0.4 1.8 -1.9
v -0.4 1.9 -1.9
v -0.4 2.2 -1.9
v -0.4 2.3 -1.9
v -0.4 3.2 -1.9
v -0.4 3.3 -1.9
v -0.4 3.5 -1.9
v -0.4 3.6 -1.9
v -0.4 3.7 -1.9
v -0.3 0.5 -1.9
v -0.3 0.8 -1.9
v -0.3 1.2 -1.9
v -0.3 1.5 -1.9
v -0.3 1.9 -1.9
v -0.3 2.2 -1.9
v -0.3 2.5 -1.9
v -0.3 2.8 -1.9
v -0.3 3 -1.9
v -0.3 3.1 -1.9
v -0.3 3.2 -1.9
v -0.2 1.1 -1.9
v -0.2 1.2 -1.9
v -0.2 1.5 -1.9
v -0.2 1.6 -1.9
v -0.2 2.4 -1.9
v -0.2 2.5 -1.9
v -0.2 2.8 -1.9
v -0.2 2.9 -1.9
v -0.0999999 1 -1.9
v -0.0999999 1.1 -1.9
v -0.0999999 1.6 -1.9
v -0.0999999 1.7 -1.9
v -0.0999999 2.3 -1.9
v -0.0999999 2.4 -1.9
v -0.0999999 2.9 -1.9
v -0.0999999 3 -1.9
v -0.0999999 3.1 -1.9
v -0.0999999 3.5 -1.9
v -0.0999999 3.6 -1.9
v -0.0999999 3.7 -1.9
v 2.38419e-07 0.5 -1.9
v 2.38419e-07 0.8 -1.9
v 0.1 3.5 -1.9
v 0.1 3.6 -1.9
v 0.2 1 -1.9
v 0.2 1.1 -1.9
v 0.2 1.6 -1.9
v 0.2 1.7 -1.9
v 0.2 1.9 -1.9
v 0.2 2.2 -1.9
v 0.2 2.3 -1.9
v 0.2 2.4 -1.9
v 0.2 2.9 -1.9
v 0.2 3 -1.9
v 0.3 0.5 -1.9
v 0.3 0.8 -1.9
v 0.3 1.1 -1.9
v 0.3 1.2 -1.9
v 0.3 1.5 -1.9
v 0.3 1.6 -1.9
v 0.3 1.8 -1.9
v 0.3 1.9 -1.9
v 0.3 2.2 -1.9
v 0.3 2.3 -1.9
v 0.3 2.4 -1.9
v 0.3 2.5 -1.9
v 0.3 2.8 -1.9
v 0.3 2.9 -1.9
v 0.3 3.5 -1.9
v 0.3 3.6 -1.9
v 0.4 1.2 -1.9
v 0.4 1.5 -1.9
v 0.4 1.7 -1.9
v 0.4 1.8 -1.9
v 0.4 2.3 -1.9
v 0.4 2.4 -1.9
v 0.4 2.5 -1.9
v 0.4 2.8 -1.9
v 0.4 3.8 -1.9
v 0.4 3.9 -1.9
v 0.5 3.5 -1.9
v 0.5 3.6 -1.9
v 0.5 3.7 -1.9
v 0.6 0.5 -1.9
v 0.6 0.8 -1.9
v 0.6 3.2 -1.9
v 0.6 3.4 -1.9
v 0.7 1.4 -1.9
v 0.7 1.7 -1.9
v 0.7 1.8 -1.9
v 0.7 2.3 -1.9
v 0.7 2.4 -1.9
v 0.7 2.9 -1.9
v 0.7 3 -1.9
v 0.7 3.2 -1.9
v 0.7 3.4 -1.9
v 0.7 3.6 -1.9
v 0.7 3.7 -1.9
v 0.7 3.8 -1.9
v 0.7 3.9 -1.9
v 0.7 4 -1.9
v 0.8 1.8 -1.9
v 0.8 1.9 -1.9
v 0.8 2.2 -1.9
v 0.8 2.3 -1.9
v 0.8 2.9 -1.9
v 0.8 3 -1.9
v 0.8 3.2 -1.9
v 0.8 3.4 -1.9
v 0.8 3.5 -1.9
v 0.9 0.6 -1.9
v 0.9 1.1 -1.9
v 0.9 1.9 -1.9
v 0.9 2.2 -1.9
v 0.9 2.8 -1.9
v 0.9 2.9 -1.9
v 0.9 3 -1.9
v 0.9 3.2 -1.9
v 0.9 3.5 -1.9
v 1 0.5 -1.9
v 1 0.6 -1.9
v 1 1.1 -1.9
v 1 1.2 -1.9
v 1 1.4 -1.9
v 1 1.7 -1.9
v 1 2.8 -1.9
v 1 2.9 -1.9
v 1 3.1 -1.9
v 1 3.2 -1.9
v 1 3.3 -1.9
v 1.1 0.4 -1.9
v 1.1 0.5 -1.9
v 1.1 1.2 -1.9
v 1.1 1.3 -1.9
v 1.1 2.9 -1.9
v 1.1 3.1 -1.9
v 1.1 3.3 -1.9
v 1.2 1.7 -1.9
v 1.2 2 -1.9
v 1.2 3 -1.9
v 1.2 3.1 -1.9
v 1.3 1.6 -1.9
v 1.3 1.7 -1.9
v 1.3 2 -1.9
v 1.3 2.1 -1.9
v 1.3 2.7 -1.9
v 1.3 3 -1.9
v 1.3 3.2 -1.9
v 1.4 1.5 -1.9
v 1.4 1.6 -1.9
v 1.4 2.1 -1.9
v 1.4 2.2 -1.9
v 1.4 2.7 -1.9
v 1.4 3 -1.9
v 1.4 3.2 -1.9
v 1.5 2.8 -1.9
v 1.5 3 -1.9
v 1.5 3.2 -1.9
v 1.6 0.4 -1.9
v 1.6 0.5 -1.9
v 1.6 1.2 -1.9
v 1.6 1.3 -1.9
v 1.6 2.8 -1.9
v 1.6 3 -1.9
v 1.7 0.5 -1.9
v 1.7 0.6 -1.9
v 1.7 1.1 -1.9
v 1.7 1.2 -1.9
v 1.7 1.5 -1.9
v 1.7 1.6 -1.9
v 1.7 2.1 -1.9
v 1.7 2.2 -1.9
v 1.7 3.1 -1.9
v 1.7 3.2 -1.9
v 1.7 3.3 -1.9
v 1.8 0.1 -1.9
v 1.8 0.3 -1.9
v 1.8 0.6 -1.9
v 1.8 1.1 -1.9
v 1.8 1.6 -1.9
v 1.8 1.7 -1.9
v 1.8 2 -1.9
v 1.8 2.1 -1.9
v 1.8 2.9 -1.9
v 1.8 3.1 -1.9
v 1.8 3.2 -1.9
v 1.9 0.3 -1.9
v 1.9 1.7 -1.9
v 1.9 2 -1.9
v 1.9 2.9 -1.9
v 1.9 3.1 -1.9
v 1.9 3.3 -1.9
v -1.9 0.1 1.9
v -1.9 0.2 1.9
v -1.8 0.2 1.9
v -1.8 0.5 1.9
v -1.7 0.1 1.9
v -1.7 0.5 1.9
v 1.7 0.1 1.9
v 1.7 0.2 1.9
v 1.8 0.1 1.9
v 1.8 0.2 1.9
v -1.9 0.7 1.8
v -1.9 0.9 1.8
v -1.8 0.5 1.8
v -1.8 0.6 1.8
v -1.8 0.7 1.8
v -1.8 0.9 1.8
v -1.7 0.5 1.8
v -1.7 0.6 1.8
v 1.7 0.2 1.8
v 1.7 0.3 1.8
v 1.8 0.2 1.8
v 1.8 0.3 1.8
v 1.9 0.2 1.8
v 1.9 0.3 1.8
v -1.9 0.5 1.7
v -1.9 0.7 1.7
v -1.8 0.4 1.7
v -1.8 0.5 1.7
v -1.8 0.7 1.7
v -1.7 0.4 1.7
v -1.7 0.5 1.7
v 1.8 0.5 1.7
v 1.8 0.7 1.7
v 1.9 0.5 1.7
v 1.9 0.7 1.7
v 1.8 0.4 1.6
v 1.8 0.5 1.6
v 1.9 0.4 1.6
v 1.9 0.5 1.6
v -1.9 0.2 1.5
v -1.9 0.6 1.5
v -1.8 0.2 1.5
v -1.8 0.3 1.5
v -1.8 0.5 1.5
v -1.8 0.6 1.5
v -1.7 0.3 1.5
v -1.7 0.5 1.5
v -1.3 1.6 1.5
v -1.3 1.7 1.5
v 2.38419e-07 0.2 1.5
v 2.38419e-07 0.3 1.5
v 0.1 0.2 1.5
v 0.1 0.3 1.5
v 1.2 1.6 1.5
v 1.2 1.7 1.5
v -1.9 0.7 1.4
v -1.9 0.9 1.4
v -1.8 0.7 1.4
v -1.8 0.9 1.4
v -1.4 1.9 1.4
v -1.4 2 1.4
v -1.3 1.9 1.4
v -1.3 2 1.4
v 1.8 0.1 1.4
v 1.8 0.2 1.4
v 1.9 0.1 1.4
v 1.9 0.2 1.4
v -1.9 0.1 1.3
v -1.9 0.2 1.3
v -1.9 0.5 1.3
v -1.9 0.7 1.3
v -1.8 0.1 1.3
v -1.8 0.2 1.3
v -1.8 0.5 1.3
v -1.8 0.7 1.3
v 1.7 0.5 1.3
v 1.7 0.6 1.3
v 1.8 0.5 1.3
v 1.8 0.6 1.3
v 1.8 0.7 1.3
v 1.9 0.6 1.3
v 1.9 0.7 1.3
v -1.9 0.3 1.2
v -1.9 0.5 1.2
v -1.8 0.3 1.2
v -1.8 0.5 1.2
v 1.7 0.4 1.2
v 1.7 0.5 1.2
v 1.8 0.3 1.2
v 1.8 0.4 1.2
v 1.8 0.5 1.2
v 1.8 0.6 1.2
v 1.9 0.3 1.2
v 1.9 0.6 1.2
v -1.9 0.1 1
v -1.9 0.7 1
v -1.8 0.1 1
v -1.8 0.7 1
v 1.7 0.2 1
v 1.7 0.4 1
v 1.8 0.1 1
v 1.8 0.2 1
v 1.8 0.4 1
v 1.9 0.1 1
v 1.9 0.2 1
v 1.7 0.6 0.9
v 1.7 0.7 0.9
v 1.9 0.6 0.9
v 1.9 0.7 0.9
v -1.9 0.1 0.8
v -1.9 0.4 0.8
v -1.9 0.6 0.8
v -1.9 0.8 0.8
v -1.8 0.1 0.8
v -1.8 0.4 0.8
v -1.8 0.6 0.8
v -1.8 0.8 0.8
v -1.4 1.7 0.8
v -1.4 1.8 0.8
v -1.3 1.7 0.8
v -1.3 1.8 0.8
v 1.7 0.5 0.8
v 1.7 0.6 0.8
v 1.8 0.3 0.8
v 1.8 0.5 0.8
v 1.9 0.3 0.8
v 1.9 0.6 0.8
v -1.9 0.5 0.7
v -1.9 0.6 0.7
v -1.8 0.5 0.7
v -1.8 0.6 0.7
v -1.9 0.1 0.6
v -1.9 0.2 0.6
v -1.8 0.1 0.6
v -1.8 0.2 0.6
v 1.7 0.2 0.6
v 1.7 0.3 0.6
v 1.8 0.2 0.6
v 1.8 0.3 0.6
v 1.8 0.4 0.6
v 1.9 0.2 0.6
v 1.9 0.4 0.6
v -1.9 0.2 0.5
v -1.9 0.6 0.5
v -1.8 0.2 0.5
v -1.8 0.3 0.5
v -1.8 0.6 0.5
v -1.7 0.2 0.5
v -1.7 0.3 0.5
v 1.8 0.7 0.5
v 1.8 0.8 0.5
v 1.9 0.7 0.5
v 1.9 0.8 0.5
v -1.9 0.7 0.4
v -1.9 0.8 0.4
v -1.8 0.6 0.4
v -1.8 0.7 0.4
v -1.8 0.8 0.4
v -1.7 0.6 0.4
v -1.7 0.7 0.4
v 1.8 0.1 0.4
v 1.8 0.2 0.4
v 1.8 0.5 0.4
v 1.8 0.7 0.4
v 1.9 0.1 0.4
v 1.9 0.2 0.4
v 1.9 0.5 0.4
v 1.9 0.7 0.4
v -1.9 0.2 0.3
v -1.9 0.4 0.3
v -1.8 0.2 0.3
v -1.8 0.4 0.3
v 1.8 0.3 0.3
v 1.8 0.5 0.3
v 1.9 0.3 0.3
v 1.9 0.5 0.3
v -1.9 0.1 0.2
v -1.9 0.2 0.2
v -1.9 0.4 0.2
v -1.9 0.7 0.2
v -1.8 0.1 0.2
v -1.8 0.2 0.2
v -1.8 0.4 0.2
v -1.8 0.7 0.2
v 1.7 0.2 0.0999999
v 1.7 0.5 0.0999999
v 1.8 0.1 0.0999999
v 1.8 0.2 0.0999999
v 1.9 0.1 0.0999999
v 1.9 0.5 0.0999999
v -1.9 0.1 -2.38419e-07
v -1.9 0.2 -2.38419e-07
v -1.8 0.1 -2.38419e-07
v -1.8 0.2 -2.38419e-07
v 1.7 0.5 -2.38419e-07
v 1.7 0.6 -2.38419e-07
v 1.8 0.5 -2.38419e-07
v 1.8 0.6 -2.38419e-07
v 1.9 0.5 -2.38419e-07
v 1.9 0.6 -2.38419e-07
v -1.9 0.2 -0.1
v -1.9 0.3 -0.1
v -1.9 0.5 -0.1
v -1.9 0.6 -0.1
v -1.8 0.3 -0.1
v -1.8 0.5 -0.1
v -1.8 0.6 -0.1
v -1.7 0.2 -0.1
v -1.7 0.3 -0.1
v -1.7 0.5 -0.1
v -1.7 0.6 -0.1
v 1.8 0.7 -0.1
v 1.8 0.8 -0.1
v 1.9 0.7 -0.1
v 1.9 0.8 -0.1
v 1.7 0.3 -0.2
v 1.7 0.4 -0.2
v 1.8 0.3 -0.2
v 1.8 0.4 -0.2
v 1.8 0.7 -0.2
v 1.9 0.4 -0.2
v 1.9 0.7 -0.2
v -1.9 0.1 -0.4
v -1.9 0.2 -0.4
v -1.9 0.4 -0.4
v -1.9 0.7 -0.4
v -1.8 0.1 -0.4
v -1.8 0.2 -0.4
v -1.8 0.4 -0.4
v -1.8 0.7 -0.4
v 1.7 0.2 -0.4
v 1.7 0.3 -0.4
v 1.7 0.4 -0.4
v 1.7 0.6 -0.4
v 1.8 0.1 -0.4
v 1.8 0.2 -0.4
v 1.8 0.3 -0.4
v 1.8 0.4 -0.4
v 1.8 0.5 -0.4
v 1.8 0.6 -0.4
v 1.9 0.1 -0.4
v 1.9 0.5 -0.4
v -1.9 0.3 -0.5
v -1.9 0.4 -0.5
v -1.8 0.3 -0.5
v -1.8 0.4 -0.5
v 1.8 0.5 -0.5
v 1.8 0.6 -0.5
v 1.9 0.5 -0.5
v 1.9 0.6 -0.5
v -1.4 0.1 -0.6
v -1.4 1.6 -0.6
v -1.4 1.9 -0.6
v -1.3 1.5 -0.6
v -1.3 1.6 -0.6
v -1.3 1.9 -0.6
v 1.2 1.5 -0.6
v 1.2 1.6 -0.6
v 1.2 1.9 -0.6
v 1.3 0.1 -0.6
v 1.3 1.6 -0.6
v 1.3 1.9 -0.6
v 1.8 0.3 -0.6
v 1.8 0.4 -0.6
v 1.8 0.6 -0.6
v 1.8 0.9 -0.6
v 1.9 0.3 -0.6
v 1.9 0.4 -0.6
v 1.9 0.6 -0.6
v 1.9 0.9 -0.6
v -1.9 0.1 -0.7
v -1.9 0.3 -0.7
v -1.9 0.7 -0.7
v -1.9 0.8 -0.7
v -1.8 0.1 -0.7
v -1.8 0.3 -0.7
v -1.8 0.7 -0.7
v -1.8 0.8 -0.7
v 1.7 0.1 -0.7
v 1.7 0.2 -0.7
v 1.8 0.1 -0.7
v 1.8 0.2 -0.7
v 1.8 0.4 -0.7
v 1.8 0.6 -0.7
v 1.9 0.4 -0.7
v 1.9 0.6 -0.7
v -1.9 0.6 -0.8
v -1.9 0.7 -0.8
v -1.8 0.4 -0.8
v -1.8 0.6 -0.8
v -1.8 0.7 -0.8
v -1.7 0.4 -0.8
v -1.7 0.6 -0.8
v 1.8 0.3 -0.8
v 1.8 0.4 -0.8
v 1.9 0.3 -0.8
v 1.9 0.4 -0.8
v -1.9 0.4 -0.9
v -1.9 0.6 -0.9
v -1.8 0.3 -0.9
v -1.8 0.4 -0.9
v -1.8 0.6 -0.9
v -1.7 0.3 -0.9
v -1.7 0.4 -0.9
v -1.9 0.1 -1
v -1.9 0.2 -1
v -1.9 0.3 -1
v -1.9 0.4 -1
v -1.8 0.1 -1
v -1.8 0.2 -1
v -1.8 0.3 -1
v -1.8 0.4 -1
v 1.7 0.2 -1
v 1.7 0.3 -1
v 1.8 0.1 -1
v 1.8 0.2 -1
v 1.9 0.1 -1
v 1.9 0.3 -1
v -1.9 0.2 -1.1
v -1.9 0.3 -1.1
v -1.8 0.2 -1.1
v -1.8 0.3 -1.1
v 1.7 0.3 -1.1
v 1.7 0.4 -1.1
v 1.8 0.3 -1.1
v 1.8 0.4 -1.1
v 1.8 0.7 -1.1
v 1.9 0.3 -1.1
v 1.9 0.7 -1.1
v 1.8 0.1 -1.2
v 1.8 0.2 -1.2
v 1.9 0.1 -1.2
v 1.9 0.2 -1.2
v -1.9 0.1 -1.3
v -1.9 0.3 -1.3
v -1.9 0.4 -1.3
v -1.9 0.5 -1.3
v -1.8 0.1 -1.3
v -1.8 0.3 -1.3
v -1.8 0.4 -1.3
v -1.8 0.5 -1.3
v 1.8 0.3 -1.3
v 1.8 0.9 -1.3
v 1.9 0.3 -1.3
v 1.9 0.9 -1.3
v -1.9 0.6 -1.4
v -1.9 0.7 -1.4
v -1.8 0.6 -1.4
v -1.8 0.7 -1.4
v -1.9 0.4 -1.5
v -1.9 0.6 -1.5
v -1.8 0.4 -1.5
v -1.8 0.6 -1.5
v 1.8 0.1 -1.5
v 1.8 0.4 -1.5
v 1.9 0.1 -1.5
v 1.9 0.4 -1.5
v -1.9 0.3 -1.6
v -1.9 0.4 -1.6
v -1.8 0.3 -1.6
v -1.8 0.4 -1.6
v 1.7 0.4 -1.6
v 1.7 0.5 -1.6
v 1.8 0.4 -1.6
v 1.8 0.5 -1.6
v 1.8 0.1 -1.7
v 1.8 0.3 -1.7
v 1.9 0.1 -1.7
v 1.9 0.3 -1.7
v -1.9 0.1 -1.8
v -1.9 0.5 -1.8
v -1.8 0.1 -1.8
v -1.8 0.5 -1.8
v 1.8 0.3 -1.8
v 1.8 0.5 -1.8
v 1.9 0.3 -1.8
v 1.9 0.5 -1.8
v -2 0 -2
v -2 0.1 -2
v -2 4 -2
v 2 0 -2
v 2 0.1 -2
v 2 4 -2
v -2 0 2
v -0.0999999 0 2
v 0.4 0 2
v 2 0 2
v -0.0999999 0 1.6
v 0.4 0 1.6
v -2 0 -2
v 2 0 -2
v -1.9 0.2 1.9
v -1.8 0.2 1.9
v 1.7 0.2 1.9
v 1.8 0.2 1.9
v -1.9 0.2 1.8
v -1.8 0.2 1.8
v 1.7 0.2 1.8
v 1.8 0.2 1.8
v 1.8 0.2 1.4
v 1.9 0.2 1.4
v -1.9 0.2 1.3
v -1.8 0.2 1.3
v 1.8 0.2 1.3
v 1.9 0.2 1.3
v -1.9 0.2 1.2
v -1.8 0.2 1.2
v 1.7 0.2 1.1
v 1.8 0.2 1.1
v 1.7 0.2 1
v 1.8 0.2 1
v 1.9 0.2 1
v 1.7 0.2 0.9
v 1.8 0.2 0.9
v 1.8 0.2 0.8
v 1.9 0.2 0.8
v -1.8 0.2 0.7
v -1.7 0.2 0.7
v -1.9 0.2 0.6
v -1.8 0.2 0.6
v 1.7 0.2 0.6
v 1.8 0.2 0.6
v -1.9 0.2 0.5
v -1.8 0.2 0.5
v -1.7 0.2 0.5
v 1.8 0.2 0.4
v 1.9 0.2 0.4
v 1.8 0.2 0.3
v 1.9 0.2 0.3
v -1.9 0.2 0.2
v -1.8 0.2 0.2
v 1.7 0.2 0.2
v 1.8 0.2 0.2
v -1.9 0.2 0.0999999
v -1.8 0.2 0.0999999
v -1.7 0.2 0.0999999
v 1.7 0.2 0.0999999
v 1.8 0.2 0.0999999
v -1.9 0.2 -2.38419e-07
v -1.8 0.2 -2.38419e-07
v -1.9 0.2 -0.1
v -1.7 0.2 -0.1
v 1.7 0.2 -0.3
v 1.8 0.2 -0.3
v -1.9 0.2 -0.4
v -1.8 0.2 -0.4
v 1.7 0.2 -0.4
v 1.8 0.2 -0.4
v -1.9 0.2 -0.5
v -1.8 0.2 -0.5
v 1.7 0.2 -0.9
v 1.8 0.2 -0.9
v -1.9 0.2 -1
v -1.8 0.2 -1
v 1.7 0.2 -1
v 1.8 0.2 -1
v -1.9 0.2 -1.1
v -1.8 0.2 -1.1
v 1.8 0.2 -1.2
v 1.9 0.2 -1.2
v 1.8 0.2 -1.3
v 1.9 0.2 -1.3
v 1.8 0.3 1.8
v 1.9 0.3 1.8
v 1.8 0.3 1.7
v 1.9 0.3 1.7
v -1.8 0.3 1.6
v -1.7 0.3 1.6
v -1.8 0.3 1.5
v -1.7 0.3 1.5
v 1.8 0.3 -2.38419e-07
v 1.9 0.3 -2.38419e-07
v -1.9 0.3 -0.1
v -1.8 0.3 -0.1
v 1.7 0.3 -0.1
v 1.8 0.3 -0.1
v 1.9 0.3 -0.1
v -1.9 0.3 -0.2
v -1.8 0.3 -0.2
v 1.7 0.3 -0.2
v 1.8 0.3 -0.2
v -1.9 0.3 -0.7
v -1.8 0.3 -0.7
v -1.9 0.3 -0.8
v -1.8 0.3 -0.8
v -1.7 0.3 -0.8
v -1.8 0.3 -0.9
v -1.7 0.3 -0.9
v 1.7 0.3 -1
v 1.9 0.3 -1
v 1.7 0.3 -1.1
v 1.8 0.3 -1.1
v 1.9 0.3 -1.1
v -1.9 0.3 -1.3
v -1.8 0.3 -1.3
v -1.9 0.3 -1.4
v -1.8 0.3 -1.4
v 1.8 0.3 -1.7
v 1.9 0.3 -1.7
v 1.8 0.3 -1.8
v 1.9 0.3 -1.8
v -1.8 0.4 1.8
v -1.7 0.4 1.8
v -1.8 0.4 1.7
v -1.7 0.4 1.7
v -1.9 0.4 1.4
v -1.8 0.4 1.4
v -1.9 0.4 1.3
v -1.8 0.4 1.3
v 1.7 0.4 1.3
v 1.8 0.4 1.3
v 1.7 0.4 1.2
v 1.8 0.4 1.2
v -1.9 0.4 0.8
v -1.8 0.4 0.8
v -1.9 0.4 0.7
v -1.8 0.4 0.7
v 1.8 0.4 0.6
v 1.9 0.4 0.6
v 1.8 0.4 0.5
v 1.9 0.4 0.5
v -1.9 0.4 0.3
v -1.8 0.4 0.3
v -1.9 0.4 0.2
v -1.8 0.4 0.2
v 1.7 0.4 -0.3
v 1.8 0.4 -0.3
v 1.7 0.4 -0.4
v 1.8 0.4 -0.4
v 1.8 0.4 -0.6
v 1.9 0.4 -0.6
v -1.8 0.4 -0.7
v -1.7 0.4 -0.7
v 1.8 0.4 -0.7
v 1.9 0.4 -0.7
v -1.8 0.4 -0.8
v -1.7 0.4 -0.8
v -1.9 0.4 -1.1
v -1.8 0.4 -1.1
v -1.9 0.4 -1.2
v -1.8 0.4 -1.2
v 1.7 0.4 -1.5
v 1.8 0.4 -1.5
v 1.9 0.4 -1.5
v 1.7 0.4 -1.6
v 1.8 0.4 -1.6
v 1.9 0.4 -1.6
v 1.1 0.4 -1.8
v 1.6 0.4 -1.8
v 1.1 0.4 -1.9
v 1.6 0.4 -1.9
v -1.8 0.5 1.9
v -1.7 0.5 1.9
v -1.8 0.5 1.8
v -1.7 0.5 1.8
v 2.38419e-07 0.5 1.5
v 0.1 0.5 1.5
v 2.38419e-07 0.5 1.4
v 0.1 0.5 1.4
v 1.7 0.5 1.4
v 1.8 0.5 1.4
v 1.7 0.5 1.3
v 1.8 0.5 1.3
v 1.7 0.5 0.9
v 1.8 0.5 0.9
v 1.7 0.5 0.8
v 1.8 0.5 0.8
v 1.7 0.5 0.0999999
v 1.9 0.5 0.0999999
v -1.8 0.5 -2.38419e-07
v -1.7 0.5 -2.38419e-07
v 1.7 0.5 -2.38419e-07
v 1.8 0.5 -2.38419e-07
v 1.9 0.5 -2.38419e-07
v -1.8 0.5 -0.1
v -1.7 0.5 -0.1
v 1.8 0.5 -0.4
v 1.9 0.5 -0.4
v 1.8 0.5 -0.5
v 1.9 0.5 -0.5
v -1.9 0.5 -1.3
v -1.8 0.5 -1.3
v -1.9 0.5 -1.4
v -1.8 0.5 -1.4
v -1.9 0.5 -1.8
v -1.8 0.5 -1.8
v -0.8 0.5 -1.8
v -0.5 0.5 -1.8
v -0.3 0.5 -1.8
v 2.38419e-07 0.5 -1.8
v 0.3 0.5 -1.8
v 0.6 0.5 -1.8
v 1 0.5 -1.8
v 1.1 0.5 -1.8
v 1.6 0.5 -1.8
v 1.7 0.5 -1.8
v -1.9 0.5 -1.9
v -1.8 0.5 -1.9
v -0.8 0.5 -1.9
v -0.5 0.5 -1.9
v -0.3 0.5 -1.9
v 2.38419e-07 0.5 -1.9
v 0.3 0.5 -1.9
v 0.6 0.5 -1.9
v 1 0.5 -1.9
v 1.1 0.5 -1.9
v 1.6 0.5 -1.9
v 1.7 0.5 -1.9
v -1.9 0.6 1.5
v -1.8 0.6 1.5
v -1.9 0.6 1.4
v -1.8 0.6 1.4
v 1.7 0.6 1
v 1.8 0.6 1
v 1.7 0.6 0.9
v 1.8 0.6 0.9
v -1.9 0.6 0.5
v -1.8 0.6 0.5
v -1.7 0.6 0.5
v -1.9 0.6 0.4
v -1.8 0.6 0.4
v -1.7 0.6 0.4
v 1.8 0.6 -2.38419e-07
v 1.9 0.6 -2.38419e-07
v -1.9 0.6 -0.1
v -1.8 0.6 -0.1
v 1.8 0.6 -0.1
v 1.9 0.6 -0.1
v -1.9 0.6 -0.2
v -1.8 0.6 -0.2
v 1.8 0.6 -0.5
v 1.9 0.6 -0.5
v 1.8 0.6 -0.6
v 1.9 0.6 -0.6
v -0.9 0.6 -1.8
v -0.8 0.6 -1.8
v -0.5 0.6 -1.8
v -0.4 0.6 -1.8
v 0.9 0.6 -1.8
v 1 0.6 -1.8
v 1.7 0.6 -1.8
v 1.8 0.6 -1.8
v -0.9 0.6 -1.9
v -0.8 0.6 -1.9
v -0.5 0.6 -1.9
v -0.4 0.6 -1.9
v 0.9 0.6 -1.9
v 1 0.6 -1.9
v 1.7 0.6 -1.9
v 1.8 0.6 -1.9
v 2.38419e-07 0.7 1.6
v 0.1 0.7 1.6
v 2.38419e-07 0.7 1.5
v 0.1 0.7 1.5
v -1.9 0.7 1
v -1.8 0.7 1
v -1.9 0.7 0.9
v -1.8 0.7 0.9
v 1.8 0.7 -1.1
v 1.9 0.7 -1.1
v 1.8 0.7 -1.2
v 1.9 0.7 -1.2
v -1.4 0.7 -1.8
v -1.1 0.7 -1.8
v -1.4 0.7 -1.9
v -1.1 0.7 -1.9
v -1.4 0.8 1.6
v -1.3 0.8 1.6
v -1.2 0.8 1.6
v -1 0.8 1.6
v -0.9 0.8 1.6
v -0.5 0.8 1.6
v -1.4 0.8 1.5
v -1.3 0.8 1.5
v -1.2 0.8 1.5
v -1 0.8 1.5
v -0.9 0.8 1.5
v -0.5 0.8 1.5
v -0.4 0.8 1.5
v -0.5 0.8 1.4
v -0.4 0.8 1.4
v -1.5 0.8 -1.8
v -1.4 0.8 -1.8
v -1.1 0.8 -1.8
v -1 0.8 -1.8
v -1.5 0.8 -1.9
v -1.4 0.8 -1.9
v -1.1 0.8 -1.9
v -1 0.8 -1.9
v 0.6 0.9 1.6
v 0.9 0.9 1.6
v 1 0.9 1.6
v 1.2 0.9 1.6
v -0.0999999 0.9 1.5
v 2.38419e-07 0.9 1.5
v 0.5 0.9 1.5
v 0.6 0.9 1.5
v 0.9 0.9 1.5
v 1 0.9 1.5
v 1.2 0.9 1.5
v -0.0999999 0.9 1.4
v 2.38419e-07 0.9 1.4
v 0.5 0.9 1.4
v 0.6 0.9 1.4
v 0.9 0.9 1.4
v 1 0.9 1.4
v -0.0999999 1 1.6
v 0.4 1 1.6
v -0.0999999 1 1.5
v 0.3 1 1.5
v 0.3 1 1.4
v 0.4 1 1.4
v -0.0999999 1 -1.8
v 0.2 1 -1.8
v -0.0999999 1 -1.9
v 0.2 1 -1.9
v -1.2 1.1 1.6
v -1 1.1 1.6
v -0.9 1.1 1.6
v -0.5 1.1 1.6
v 0.6 1.1 1.6
v 0.9 1.1 1.6
v 1 1.1 1.6
v 1.2 1.1 1.6
v -1.3 1.1 1.5
v -1.2 1.1 1.5
v -1 1.1 1.5
v -0.9 1.1 1.5
v -0.5 1.1 1.5
v -0.4 1.1 1.5
v 0.6 1.1 1.5
v 0.9 1.1 1.5
v 1 1.1 1.5
v 1.2 1.1 1.5
v -1.3 1.1 1.4
v -1.2 1.1 1.4
v -1 1.1 1.4
v -0.9 1.1 1.4
v -0.5 1.1 1.4
v -0.4 1.1 1.4
v 0.9 1.1 1.4
v 1 1.1 1.4
v -0.2 1.1 -1.8
v -0.0999999 1.1 -1.8
v 0.2 1.1 -1.8
v 0.3 1.1 -1.8
v -0.2 1.1 -1.9
v -0.0999999 1.1 -1.9
v 0.2 1.1 -1.9
v 0.3 1.1 -1.9
v -0.3 1.2 -1.8
v -0.2 1.2 -1.8
v 0.3 1.2 -1.8
v 0.4 1.2 -1.8
v -0.3 1.2 -1.9
v -0.2 1.2 -1.9
v 0.3 1.2 -1.9
v 0.4 1.2 -1.9
v -1.3 1.4 1.6
v -0.4 1.4 1.6
v 0.5 1.4 1.6
v 1.3 1.4 1.6
v -1.3 1.4 1.5
v -0.5 1.4 1.5
v 0.5 1.4 1.5
v 1.2 1.4 1.5
v -0.5 1.4 1.4
v -0.4 1.4 1.4
v 1.2 1.4 1.4
v 1.3 1.4 1.4
v 0.7 1.4 -1.8
v 1 1.4 -1.8
v 0.7 1.4 -1.9
v 1 1.4 -1.9
v 1.4 1.5 -1.8
v 1.7 1.5 -1.8
v 1.4 1.5 -1.9
v 1.7 1.5 -1.9
v 1.2 1.6 1.7
v 1.3 1.6 1.7
v 1.2 1.6 1.6
v 1.3 1.6 1.6
v -1.6 1.6 -1.8
v -1.3 1.6 -1.8
v 1.3 1.6 -1.8
v 1.4 1.6 -1.8
v 1.7 1.6 -1.8
v 1.8 1.6 -1.8
v -1.6 1.6 -1.9
v -1.3 1.6 -1.9
v 1.3 1.6 -1.9
v 1.4 1.6 -1.9
v 1.7 1.6 -1.9
v 1.8 1.6 -1.9
v -0.8 1.7 -1.8
v -0.5 1.7 -1.8
v 0.4 1.7 -1.8
v 0.7 1.7 -1.8
v 1.2 1.7 -1.8
v 1.3 1.7 -1.8
v 1.8 1.7 -1.8
v 1.9 1.7 -1.8
v -0.8 1.7 -1.9
v -0.5 1.7 -1.9
v 0.4 1.7 -1.9
v 0.7 1.7 -1.9
v 1.2 1.7 -1.9
v 1.3 1.7 -1.9
v 1.8 1.7 -1.9
v 1.9 1.7 -1.9
v 1.2 1.8 1.8
v 1.3 1.8 1.8
v 1.2 1.8 1.7
v 1.3 1.8 1.7
v -1.4 1.8 0.8
v -1.3 1.8 0.8
v -1.4 1.8 0.7
v -1.3 1.8 0.7
v -0.9 1.8 -1.8
v -0.8 1.8 -1.8
v -0.5 1.8 -1.8
v -0.4 1.8 -1.8
v 0.3 1.8 -1.8
v 0.4 1.8 -1.8
v 0.7 1.8 -1.8
v 0.8 1.8 -1.8
v -0.9 1.8 -1.9
v -0.8 1.8 -1.9
v -0.5 1.8 -1.9
v -0.4 1.8 -1.9
v 0.3 1.8 -1.9
v 0.4 1.8 -1.9
v 0.7 1.8 -1.9
v 0.8 1.8 -1.9
v -1 1.9 -1.8
v -0.9 1.9 -1.8
v -0.4 1.9 -1.8
v -0.3 1.9 -1.8
v 0.2 1.9 -1.8
v 0.3 1.9 -1.8
v 0.8 1.9 -1.8
v 0.9 1.9 -1.8
v -1 1.9 -1.9
v -0.9 1.9 -1.9
v -0.4 1.9 -1.9
v -0.3 1.9 -1.9
v 0.2 1.9 -1.9
v 0.3 1.9 -1.9
v 0.8 1.9 -1.9
v 0.9 1.9 -1.9
v -1.7 2.1 -1.8
v -1.4 2.1 -1.8
v -1.7 2.1 -1.9
v -1.4 2.1 -1.9
v -1.8 2.2 -1.8
v -1.7 2.2 -1.8
v -1.4 2.2 -1.8
v -1.3 2.2 -1.8
v -1.8 2.2 -1.9
v -1.7 2.2 -1.9
v -1.4 2.2 -1.9
v -1.3 2.2 -1.9
v -1.9 2.3 -1.8
v -1.8 2.3 -1.8
v -1.3 2.3 -1.8
v -1.2 2.3 -1.8
v -0.0999999 2.3 -1.8
v 0.2 2.3 -1.8
v -1.9 2.3 -1.9
v -1.8 2.3 -1.9
v -1.3 2.3 -1.9
v -1.2 2.3 -1.9
v -0.0999999 2.3 -1.9
v 0.2 2.3 -1.9
v -0.2 2.4 -1.8
v -0.0999999 2.4 -1.8
v 0.2 2.4 -1.8
v 0.3 2.4 -1.8
v -0.2 2.4 -1.9
v -0.0999999 2.4 -1.9
v 0.2 2.4 -1.9
v 0.3 2.4 -1.9
v -0.3 2.5 -1.8
v -0.2 2.5 -1.8
v 0.3 2.5 -1.8
v 0.4 2.5 -1.8
v -0.3 2.5 -1.9
v -0.2 2.5 -1.9
v 0.3 2.5 -1.9
v 0.4 2.5 -1.9
v 1.3 2.7 -1.8
v 1.4 2.7 -1.8
v 1.3 2.7 -1.9
v 1.4 2.7 -1.9
v -1 2.8 -1.8
v -0.9 2.8 -1.8
v 0.9 2.8 -1.8
v 1 2.8 -1.8
v 1.5 2.8 -1.8
v 1.6 2.8 -1.8
v -1 2.8 -1.9
v -0.9 2.8 -1.9
v 0.9 2.8 -1.9
v 1 2.8 -1.9
v 1.5 2.8 -1.9
v 1.6 2.8 -1.9
v -1 2.9 -1.7
v -0.9 2.9 -1.7
v -1 2.9 -1.8
v -0.9 2.9 -1.8
v -0.8 2.9 -1.8
v 0.7 2.9 -1.8
v 0.8 2.9 -1.8
v 1 2.9 -1.8
v 1.1 2.9 -1.8
v 1.8 2.9 -1.8
v 1.9 2.9 -1.8
v -0.9 2.9 -1.9
v -0.8 2.9 -1.9
v 0.7 2.9 -1.9
v 0.8 2.9 -1.9
v 1 2.9 -1.9
v 1.1 2.9 -1.9
v 1.8 2.9 -1.9
v 1.9 2.9 -1.9
v 1.8 3 -1.6
v 1.9 3 -1.6
v -1.6 3 -1.8
v -1.4 3 -1.8
v -1.1 3 -1.8
v -1 3 -1.8
v -0.8 3 -1.8
v -0.7 3 -1.8
v -0.3 3 -1.8
v -0.0999999 3 -1.8
v 0.8 3 -1.8
v 0.9 3 -1.8
v 1.2 3 -1.8
v 1.3 3 -1.8
v 1.4 3 -1.8
v 1.5 3 -1.8
v 1.8 3 -1.8
v 1.9 3 -1.8
v -1.6 3 -1.9
v -1.4 3 -1.9
v -1.1 3 -1.9
v -1 3 -1.9
v -0.8 3 -1.9
v -0.7 3 -1.9
v -0.3 3 -1.9
v -0.0999999 3 -1.9
v 0.8 3 -1.9
v 0.9 3 -1.9
v 1.2 3 -1.9
v 1.3 3 -1.9
v 1.4 3 -1.9
v 1.5 3 -1.9
v -1.2 3.1 -1.7
v -1.1 3.1 -1.7
v -1.4 3.1 -1.8
v -1.2 3.1 -1.8
v -1.1 3.1 -1.8
v -0.7 3.1 -1.8
v -0.3 3.1 -1.8
v 1.1 3.1 -1.8
v 1.2 3.1 -1.8
v 1.7 3.1 -1.8
v 1.8 3.1 -1.8
v -1.4 3.1 -1.9
v -1.1 3.1 -1.9
v -0.7 3.1 -1.9
v -0.3 3.1 -1.9
v 1.1 3.1 -1.9
v 1.2 3.1 -1.9
v 1.7 3.1 -1.9
v 1.8 3.1 -1.9
v 1.6 3.2 -1.6
v 1.7 3.2 -1.6
v -0.5 3.2 -1.7
v -0.4 3.2 -1.7
v 1.2 3.2 -1.7
v 1.3 3.2 -1.7
v 1.4 3.2 -1.7
v 1.5 3.2 -1.7
v -0.5 3.2 -1.8
v -0.4 3.2 -1.8
v 0.6 3.2 -1.8
v 0.7 3.2 -1.8
v 0.9 3.2 -1.8
v 1 3.2 -1.8
v 1.2 3.2 -1.8
v 1.3 3.2 -1.8
v 1.4 3.2 -1.8
v 1.5 3.2 -1.8
v 1.6 3.2 -1.8
v 1.7 3.2 -1.8
v 0.6 3.2 -1.9
v 0.7 3.2 -1.9
v 0.9 3.2 -1.9
v 1 3.2 -1.9
v 1.3 3.2 -1.9
v 1.4 3.2 -1.9
v 1.5 3.2 -1.9
v 1.7 3.2 -1.9
v -0.9 3.3 -1.7
v -0.8 3.3 -1.7
v 1 3.3 -1.7
v 1.1 3.3 -1.7
v -0.8 3.3 -1.8
v -0.7 3.3 -1.8
v 1 3.3 -1.8
v 1.1 3.3 -1.8
v 1.7 3.3 -1.8
v 1.9 3.3 -1.8
v -0.9 3.3 -1.9
v -0.7 3.3 -1.9
v 1 3.3 -1.9
v 1.1 3.3 -1.9
v 1.7 3.3 -1.9
v 1.9 3.3 -1.9
v -1 3.4 -1.7
v -0.9 3.4 -1.7
v -0.7 3.4 -1.8
v -0.6 3.4 -1.8
v 0.7 3.4 -1.8
v 0.8 3.4 -1.8
v -1 3.4 -1.9
v -0.9 3.4 -1.9
v -0.7 3.4 -1.9
v -0.6 3.4 -1.9
v 0.7 3.4 -1.9
v 0.8 3.4 -1.9
v -1.8 3.5 -1.8
v -1.5 3.5 -1.8
v -1.1 3.5 -1.8
v -1 3.5 -1.8
v -0.6 3.5 -1.8
v -0.4 3.5 -1.8
v -0.0999999 3.5 -1.8
v 0.1 3.5 -1.8
v 0.3 3.5 -1.8
v 0.5 3.5 -1.8
v 0.8 3.5 -1.8
v 0.9 3.5 -1.8
v -1.8 3.5 -1.9
v -1.5 3.5 -1.9
v -1.1 3.5 -1.9
v -1 3.5 -1.9
v -0.6 3.5 -1.9
v -0.4 3.5 -1.9
v -0.0999999 3.5 -1.9
v 0.1 3.5 -1.9
v 0.3 3.5 -1.9
v 0.5 3.5 -1.9
v 0.8 3.5 -1.9
v 0.9 3.5 -1.9
v -1.2 3.6 -1.7
v -1.1 3.6 -1.7
v -0.4 3.6 -1.7
v -0.3 3.6 -1.7
v -1.5 3.6 -1.8
v -1.2 3.6 -1.8
v -1.1 3.6 -1.8
v -0.4 3.6 -1.8
v -0.3 3.6 -1.8
v -0.0999999 3.6 -1.8
v 0.5 3.6 -1.8
v 0.7 3.6 -1.8
v -1.5 3.6 -1.9
v -1.1 3.6 -1.9
v -0.4 3.6 -1.9
v -0.0999999 3.6 -1.9
v 0.5 3.6 -1.9
v 0.7 3.6 -1.9
v 0.7 3.7 -1.7
v 0.8 3.7 -1.7
v 0.7 3.7 -1.8
v 0.8 3.7 -1.8
v 0.4 3.8 -1.8
v 0.7 3.8 -1.8
v 0.4 3.8 -1.9
v 0.7 3.8 -1.9
v -1.7 0.1 2
v -0.0999999 0.1 2
v 0.4 0.1 2
v 1.7 0.1 2
v -1.9 0.1 1.9
v -1.7 0.1 1.9
v 1.7 0.1 1.9
v 1.8 0.1 1.9
v -1.9 0.1 1.8
v -1.8 0.1 1.8
v -1.4 0.1 1.6
v -0.0999999 0.1 1.6
v 2.38419e-07 0.1 1.6
v 0.3 0.1 1.6
v 0.4 0.1 1.6
v 1.3 0.1 1.6
v -0.0999999 0.1 1.5
v 2.38419e-07 0.1 1.5
v 0.3 0.1 1.5
v 0.4 0.1 1.5
v 1.8 0.1 1.4
v 1.9 0.1 1.4
v -1.9 0.1 1.3
v -1.8 0.1 1.3
v 1.8 0.1 1.3
v 1.9 0.1 1.3
v -1.9 0.1 1.2
v -1.8 0.1 1.2
v -1.9 0.1 1
v -1.8 0.1 1
v 1.8 0.1 1
v 1.9 0.1 1
v -1.9 0.1 0.9
v -1.8 0.1 0.9
v -1.9 0.1 0.8
v -1.8 0.1 0.8
v 1.8 0.1 0.8
v 1.9 0.1 0.8
v -1.9 0.1 0.7
v -1.8 0.1 0.7
v -1.9 0.1 0.6
v -1.8 0.1 0.6
v -1.9 0.1 0.5
v -1.8 0.1 0.5
v 1.8 0.1 0.4
v 1.9 0.1 0.4
v 1.8 0.1 0.3
v 1.9 0.1 0.3
v -1.9 0.1 0.2
v -1.8 0.1 0.2
v -1.9 0.1 0.0999999
v -1.8 0.1 0.0999999
v 1.8 0.1 0.0999999
v 1.9 0.1 0.0999999
v -1.9 0.1 -2.38419e-07
v -1.8 0.1 -2.38419e-07
v 1.8 0.1 -2.38419e-07
v 1.9 0.1 -2.38419e-07
v -1.9 0.1 -0.2
v -1.8 0.1 -0.2
v -1.9 0.1 -0.4
v -1.8 0.1 -0.4
v 1.8 0.1 -0.4
v 1.9 0.1 -0.4
v -1.9 0.1 -0.5
v -1.8 0.1 -0.5
v 1.8 0.1 -0.5
v 1.9 0.1 -0.5
v -1.4 0.1 -0.6
v 1.3 0.1 -0.6
v 1.7 0.1 -0.6
v 1.8 0.1 -0.6
v -1.9 0.1 -0.7
v -1.8 0.1 -0.7
v 1.7 0.1 -0.7
v 1.8 0.1 -0.7
v -1.9 0.1 -0.8
v -1.8 0.1 -0.8
v -1.9 0.1 -1
v -1.8 0.1 -1
v 1.8 0.1 -1
v 1.9 0.1 -1
v -1.9 0.1 -1.1
v -1.8 0.1 -1.1
v 1.8 0.1 -1.1
v 1.9 0.1 -1.1
v 1.8 0.1 -1.2
v 1.9 0.1 -1.2
v -1.9 0.1 -1.3
v -1.8 0.1 -1.3
v 1.8 0.1 -1.3
v 1.9 0.1 -1.3
v -1.9 0.1 -1.4
v -1.8 0.1 -1.4
v 1.8 0.1 -1.5
v 1.9 0.1 -1.5
v 1.8 0.1 -1.6
v 1.9 0.1 -1.6
v 1.8 0.1 -1.7
v 1.9 0.1 -1.7
v -1.9 0.1 -1.8
v -1.8 0.1 -1.8
v 1.8 0.1 -1.8
v 1.9 0.1 -1.8
v -1.9 0.1 -1.9
v 1.8 0.1 -1.9
v 1.7 0.2 2
v 1.8 0.2 2
v 1.7 0.2 1.9
v 1.8 0.2 1.9
v 1.8 0.2 1.8
v 1.9 0.2 1.8
v 1.8 0.2 1.7
v 1.9 0.2 1.7
v -1.9 0.2 1.5
v -1.8 0.2 1.5
v 2.38419e-07 0.2 1.5
v 0.1 0.2 1.5
v -1.9 0.2 1.4
v -1.8 0.2 1.4
v 2.38419e-07 0.2 1.4
v 0.1 0.2 1.4
v 1.8 0.2 0.6
v 1.9 0.2 0.6
v -1.9 0.2 0.5
v -1.8 0.2 0.5
v 1.8 0.2 0.5
v 1.9 0.2 0.5
v -1.9 0.2 0.4
v -1.8 0.2 0.4
v -1.9 0.2 0.3
v -1.8 0.2 0.3
v -1.9 0.2 0.2
v -1.8 0.2 0.2
v 1.8 0.2 -2.38419e-07
v 1.9 0.2 -2.38419e-07
v 1.8 0.2 -0.1
v 1.9 0.2 -0.1
v 1.7 0.2 -0.6
v 1.8 0.2 -0.6
v 1.7 0.2 -0.7
v 1.8 0.2 -0.7
v -1.9 0.2 -1.1
v -1.8 0.2 -1.1
v -1.9 0.2 -1.2
v -1.8 0.2 -1.2
v 1.8 0.3 2
v 1.9 0.3 2
v 1.7 0.3 1.9
v 1.8 0.3 1.9
v 1.9 0.3 1.9
v 1.7 0.3 1.8
v 1.8 0.3 1.8
v 2.38419e-07 0.3 1.6
v 0.1 0.3 1.6
v 2.38419e-07 0.3 1.5
v 0.1 0.3 1.5
v -1.9 0.3 1.4
v -1.8 0.3 1.4
v -1.9 0.3 1.3
v -1.8 0.3 1.3
v -1.9 0.3 1.2
v -1.8 0.3 1.2
v 1.8 0.3 1.2
v 1.9 0.3 1.2
v -1.9 0.3 1.1
v -1.8 0.3 1.1
v 1.8 0.3 1.1
v 1.9 0.3 1.1
v 1.7 0.3 0.9
v 1.8 0.3 0.9
v 1.8 0.3 0.8
v 1.9 0.3 0.8
v -1.8 0.3 0.7
v -1.7 0.3 0.7
v 1.8 0.3 0.7
v 1.9 0.3 0.7
v 1.7 0.3 0.6
v 1.8 0.3 0.6
v -1.8 0.3 0.5
v -1.7 0.3 0.5
v 1.8 0.3 0.3
v 1.9 0.3 0.3
v 1.8 0.3 0.2
v 1.9 0.3 0.2
v -1.8 0.3 0.0999999
v -1.7 0.3 0.0999999
v -1.8 0.3 -0.1
v -1.7 0.3 -0.1
v 1.7 0.3 -0.3
v 1.8 0.3 -0.3
v 1.7 0.3 -0.4
v 1.8 0.3 -0.4
v -1.9 0.3 -0.5
v -1.8 0.3 -0.5
v -1.9 0.3 -0.6
v -1.8 0.3 -0.6
v 1.8 0.3 -0.6
v 1.9 0.3 -0.6
v 1.8 0.3 -0.7
v 1.9 0.3 -0.7
v 1.8 0.3 -0.8
v 1.9 0.3 -0.8
v 1.7 0.3 -0.9
v 1.8 0.3 -0.9
v 1.9 0.3 -0.9
v -1.9 0.3 -1
v -1.8 0.3 -1
v 1.7 0.3 -1
v 1.8 0.3 -1
v -1.9 0.3 -1.1
v -1.8 0.3 -1.1
v 1.8 0.3 -1.1
v 1.9 0.3 -1.1
v 1.8 0.3 -1.2
v 1.9 0.3 -1.2
v 1.8 0.3 -1.3
v 1.9 0.3 -1.3
v 1.8 0.3 -1.4
v 1.9 0.3 -1.4
v -1.9 0.3 -1.6
v -1.8 0.3 -1.6
v -1.9 0.3 -1.7
v -1.8 0.3 -1.7
v 1.8 0.3 -1.8
v 1.9 0.3 -1.8
v 1.8 0.3 -1.9
v 1.9 0.3 -1.9
v 1.8 0.4 1.6
v 1.9 0.4 1.6
v 1.8 0.4 1.5
v 1.9 0.4 1.5
v 1.7 0.4 1.1
v 1.8 0.4 1.1
v 1.7 0.4 1
v 1.8 0.4 1
v -1.9 0.4 0.2
v -1.8 0.4 0.2
v -1.9 0.4 0.0999999
v -1.8 0.4 0.0999999
v 1.7 0.4 -0.1
v 1.8 0.4 -0.1
v 1.7 0.4 -0.2
v 1.8 0.4 -0.2
v 1.9 0.4 -0.2
v 1.8 0.4 -0.3
v 1.9 0.4 -0.3
v -1.9 0.4 -0.4
v -1.8 0.4 -0.4
v -1.9 0.4 -0.5
v -1.8 0.4 -0.5
v 1.8 0.4 -0.5
v 1.9 0.4 -0.5
v 1.8 0.4 -0.6
v 1.9 0.4 -0.6
v 1.8 0.4 -0.7
v 1.9 0.4 -0.7
v -1.8 0.4 -0.8
v -1.7 0.4 -0.8
v 1.8 0.4 -0.8
v 1.9 0.4 -0.8
v -1.9 0.4 -0.9
v -1.8 0.4 -0.9
v -1.7 0.4 -0.9
v 1.8 0.4 -0.9
v 1.9 0.4 -0.9
v -1.9 0.4 -1
v -1.8 0.4 -1
v 1.7 0.4 -1
v 1.8 0.4 -1
v 1.9 0.4 -1
v 1.7 0.4 -1.1
v 1.8 0.4 -1.1
v -1.9 0.4 -1.3
v -1.8 0.4 -1.3
v -1.9 0.4 -1.4
v -1.8 0.4 -1.4
v -1.9 0.4 -1.5
v -1.8 0.4 -1.5
v -1.9 0.4 -1.6
v -1.8 0.4 -1.6
v -1.8 0.5 1.8
v -1.7 0.5 1.8
v -1.9 0.5 1.7
v -1.8 0.5 1.7
v -1.7 0.5 1.7
v 1.8 0.5 1.7
v 1.9 0.5 1.7
v -1.9 0.5 1.6
v -1.8 0.5 1.6
v -1.7 0.5 1.6
v 1.8 0.5 1.6
v 1.9 0.5 1.6
v -1.8 0.5 1.5
v -1.7 0.5 1.5
v 1.8 0.5 1.5
v 1.9 0.5 1.5
v 1.8 0.5 1.4
v 1.9 0.5 1.4
v -1.9 0.5 1.3
v -1.8 0.5 1.3
v 1.7 0.5 1.3
v 1.8 0.5 1.3
v -1.9 0.5 1.2
v -1.8 0.5 1.2
v 1.7 0.5 1.2
v 1.8 0.5 1.2
v -1.9 0.5 0.7
v -1.8 0.5 0.7
v -1.9 0.5 0.6
v -1.8 0.5 0.6
v 1.8 0.5 0.4
v 1.9 0.5 0.4
v 1.8 0.5 0.3
v 1.9 0.5 0.3
v 1.7 0.5 0.2
v 1.8 0.5 0.2
v 1.7 0.5 0.0999999
v 1.8 0.5 0.0999999
v 1.8 0.5 -2.38419e-07
v 1.9 0.5 -2.38419e-07
v -1.9 0.5 -0.1
v -1.8 0.5 -0.1
v 1.8 0.5 -0.1
v 1.9 0.5 -0.1
v -1.9 0.5 -0.2
v -1.8 0.5 -0.2
v 1.8 0.5 -1.4
v 1.9 0.5 -1.4
v 1.7 0.5 -1.5
v 1.8 0.5 -1.5
v 1.7 0.5 -1.6
v 1.8 0.5 -1.6
v 1.8 0.5 -1.8
v 1.9 0.5 -1.8
v -1.8 0.6 2
v -1.7 0.6 2
v -1.8 0.6 1.8
v -1.7 0.6 1.8
v 1.7 0.6 1.4
v 1.8 0.6 1.4
v 1.7 0.6 1.3
v 1.8 0.6 1.3
v 1.9 0.6 1.3
v 1.8 0.6 1.2
v 1.9 0.6 1.2
v 1.7 0.6 0.9
v 1.9 0.6 0.9
v -1.9 0.6 0.8
v -1.8 0.6 0.8
v 1.7 0.6 0.8
v 1.9 0.6 0.8
v -1.9 0.6 0.7
v -1.8 0.6 0.7
v 1.8 0.6 0.7
v 1.9 0.6 0.7
v 1.8 0.6 0.6
v 1.9 0.6 0.6
v 1.8 0.6 0.2
v 1.9 0.6 0.2
v -1.9 0.6 0.0999999
v -1.8 0.6 0.0999999
v 1.7 0.6 0.0999999
v 1.8 0.6 0.0999999
v 1.9 0.6 0.0999999
v -1.9 0.6 -2.38419e-07
v -1.8 0.6 -2.38419e-07
v -1.7 0.6 -2.38419e-07
v 1.7 0.6 -2.38419e-07
v 1.8 0.6 -2.38419e-07
v -1.8 0.6 -0.1
v -1.7 0.6 -0.1
v 1.7 0.6 -0.3
v 1.9 0.6 -0.3
v 1.7 0.6 -0.4
v 1.8 0.6 -0.4
v 1.9 0.6 -0.4
v 1.8 0.6 -0.6
v 1.9 0.6 -0.6
v -1.8 0.6 -0.7
v -1.7 0.6 -0.7
v 1.8 0.6 -0.7
v 1.9 0.6 -0.7
v -1.9 0.6 -0.8
v -1.8 0.6 -0.8
v -1.7 0.6 -0.8
v -1.9 0.6 -0.9
v -1.8 0.6 -0.9
v -1.9 0.6 -1.4
v -1.8 0.6 -1.4
v -1.9 0.6 -1.5
v -1.8 0.6 -1.5
v -1.9 0.6 -1.7
v -1.8 0.6 -1.7
v -1.9 0.6 -1.9
v -1.8 0.6 -1.9
v -1.9 0.7 2
v -1.8 0.7 2
v -1.9 0.7 1.9
v -1.8 0.7 1.9
v 1.8 0.7 1.9
v 1.9 0.7 1.9
v -1.9 0.7 1.8
v -1.8 0.7 1.8
v -1.9 0.7 1.7
v -1.8 0.7 1.7
v 1.8 0.7 1.7
v 1.9 0.7 1.7
v -1.4 0.7 1.6
v -0.4 0.7 1.6
v -1.4 0.7 1.5
v -0.5 0.7 1.5
v -1.9 0.7 1.4
v -1.8 0.7 1.4
v -0.5 0.7 1.4
v -0.4 0.7 1.4
v 1.8 0.7 1.4
v 1.9 0.7 1.4
v -1.9 0.7 1.3
v -1.8 0.7 1.3
v 1.8 0.7 1.3
v 1.9 0.7 1.3
v 1.8 0.7 1.1
v 1.9 0.7 1.1
v 1.7 0.7 1
v 1.8 0.7 1
v 1.7 0.7 0.9
v 1.9 0.7 0.9
v -1.8 0.7 0.5
v -1.7 0.7 0.5
v 1.8 0.7 0.5
v 1.9 0.7 0.5
v -1.9 0.7 0.4
v -1.8 0.7 0.4
v -1.7 0.7 0.4
v 1.8 0.7 0.4
v 1.9 0.7 0.4
v -1.9 0.7 0.2
v -1.8 0.7 0.2
v 1.8 0.7 0.0999999
v 1.9 0.7 0.0999999
v -1.9 0.7 -2.38419e-07
v -1.8 0.7 -2.38419e-07
v 1.8 0.7 -2.38419e-07
v 1.9 0.7 -2.38419e-07
v 1.8 0.7 -0.1
v 1.9 0.7 -0.1
v 1.8 0.7 -0.2
v 1.9 0.7 -0.2
v -1.9 0.7 -0.4
v -1.8 0.7 -0.4
v 1.8 0.7 -0.4
v 1.9 0.7 -0.4
v 1.8 0.7 -0.5
v 1.9 0.7 -0.5
v -1.9 0.7 -0.7
v -1.8 0.7 -0.7
v -1.9 0.7 -0.8
v -1.8 0.7 -0.8
v 1.8 0.7 -1
v 1.9 0.7 -1
v -1.9 0.7 -1.1
v -1.8 0.7 -1.1
v 1.8 0.7 -1.1
v 1.9 0.7 -1.1
v -1.9 0.7 -1.4
v -1.8 0.7 -1.4
v 0.5 0.8 1.6
v 1.3 0.8 1.6
v -0.0999999 0.8 1.5
v 2.38419e-07 0.8 1.5
v 0.6 0.8 1.5
v 0.9 0.8 1.5
v 1 0.8 1.5
v 1.3 0.8 1.5
v -0.0999999 0.8 1.4
v 2.38419e-07 0.8 1.4
v 0.5 0.8 1.4
v 0.6 0.8 1.4
v 0.9 0.8 1.4
v 1 0.8 1.4
v -1.9 0.8 1.1
v -1.8 0.8 1.1
v -1.9 0.8 0.8
v -1.8 0.8 0.8
v -1.9 0.8 0.6
v -1.8 0.8 0.6
v 1.8 0.8 0.6
v 1.9 0.8 0.6
v 1.8 0.8 0.5
v 1.9 0.8 0.5
v -1.9 0.8 0.4
v -1.8 0.8 0.4
v 1.8 0.8 -2.38419e-07
v 1.9 0.8 -2.38419e-07
v 1.8 0.8 -0.1
v 1.9 0.8 -0.1
v -1.9 0.8 -0.6
v -1.8 0.8 -0.6
v -1.9 0.8 -0.7
v -1.8 0.8 -0.7
v -0.3 0.8 -1.8
v 2.38419e-07 0.8 -1.8
v 0.3 0.8 -1.8
v 0.6 0.8 -1.8
v -0.3 0.8 -1.9
v 2.38419e-07 0.8 -1.9
v 0.3 0.8 -1.9
v 0.6 0.8 -1.9
v -1.9 0.9 1.9
v -1.8 0.9 1.9
v -1.9 0.9 1.8
v -1.8 0.9 1.8
v -1.9 0.9 1.6
v -1.8 0.9 1.6
v 2.38419e-07 0.9 1.6
v 0.3 0.9 1.6
v 2.38419e-07 0.9 1.5
v 0.3 0.9 1.5
v 0.4 0.9 1.5
v -1.9 0.9 1.4
v -1.8 0.9 1.4
v 0.3 0.9 1.4
v 0.4 0.9 1.4
v 1.8 0.9 -0.5
v 1.9 0.9 -0.5
v 1.8 0.9 -0.6
v 1.9 0.9 -0.6
v 1.8 0.9 -1.1
v 1.9 0.9 -1.1
v 1.8 0.9 -1.3
v 1.9 0.9 -1.3
v -0.9 0.9 -1.8
v -0.8 0.9 -1.8
v -0.5 0.9 -1.8
v -0.4 0.9 -1.8
v -0.9 0.9 -1.9
v -0.8 0.9 -1.9
v -0.5 0.9 -1.9
v -0.4 0.9 -1.9
v -1.2 1 1.6
v -1 1 1.6
v -0.9 1 1.6
v -0.5 1 1.6
v 0.6 1 1.6
v 0.9 1 1.6
v 1 1 1.6
v 1.2 1 1.6
v -1.3 1 1.5
v -1.2 1 1.5
v -1 1 1.5
v -0.9 1 1.5
v -0.5 1 1.5
v -0.4 1 1.5
v 0.6 1 1.5
v 0.9 1 1.5
v 1 1 1.5
v 1.2 1 1.5
v -1.3 1 1.4
v -1.2 1 1.4
v -1 1 1.4
v -0.9 1 1.4
v -0.5 1 1.4
v -0.4 1 1.4
v 0.9 1 1.4
v 1 1 1.4
v -0.8 1 -1.8
v -0.5 1 -1.8
v -0.8 1 -1.9
v -0.5 1 -1.9
v -1.5 1.1 -1.8
v -1.4 1.1 -1.8
v -1.1 1.1 -1.8
v -1 1.1 -1.8
v 0.9 1.1 -1.8
v 1 1.1 -1.8
v 1.7 1.1 -1.8
v 1.8 1.1 -1.8
v -1.5 1.1 -1.9
v -1.4 1.1 -1.9
v -1.1 1.1 -1.9
v -1 1.1 -1.9
v 0.9 1.1 -1.9
v 1 1.1 -1.9
v 1.7 1.1 -1.9
v 1.8 1.1 -1.9
v -1.4 1.2 -1.8
v -1.1 1.2 -1.8
v 1 1.2 -1.8
v 1.1 1.2 -1.8
v 1.6 1.2 -1.8
v 1.7 1.2 -1.8
v -1.4 1.2 -1.9
v -1.1 1.2 -1.9
v 1 1.2 -1.9
v 1.1 1.2 -1.9
v 1.6 1.2 -1.9
v 1.7 1.2 -1.9
v -1.2 1.3 1.6
v -1 1.3 1.6
v -0.9 1.3 1.6
v -0.5 1.3 1.6
v 0.6 1.3 1.6
v 0.9 1.3 1.6
v 1 1.3 1.6
v 1.2 1.3 1.6
v -1.2 1.3 1.5
v -1 1.3 1.5
v -0.9 1.3 1.5
v -0.5 1.3 1.5
v -0.4 1.3 1.5
v 0.6 1.3 1.5
v 0.9 1.3 1.5
v 1 1.3 1.5
v 1.2 1.3 1.5
v 1.3 1.3 1.5
v -0.5 1.3 1.4
v -0.4 1.3 1.4
v 1.2 1.3 1.4
v 1.3 1.3 1.4
v 1.1 1.3 -1.8
v 1.6 1.3 -1.8
v 1.1 1.3 -1.9
v 1.6 1.3 -1.9
v -0.3 1.5 -1.8
v -0.2 1.5 -1.8
v 0.3 1.5 -1.8
v 0.4 1.5 -1.8
v -0.3 1.5 -1.9
v -0.2 1.5 -1.9
v 0.3 1.5 -1.9
v 0.4 1.5 -1.9
v -1.3 1.6 1.5
v 1.2 1.6 1.5
v -1.3 1.6 -0.6
v 1.2 1.6 -0.6
v -0.2 1.6 -1.8
v -0.0999999 1.6 -1.8
v 0.2 1.6 -1.8
v 0.3 1.6 -1.8
v -0.2 1.6 -1.9
v -0.0999999 1.6 -1.9
v 0.2 1.6 -1.9
v 0.3 1.6 -1.9
v -1.3 1.7 1.6
v 1.2 1.7 1.6
v -1.3 1.7 1.5
v 1.2 1.7 1.5
v -1.4 1.7 0.8
v -1.3 1.7 0.8
v -1.4 1.7 0.7
v -1.3 1.7 0.7
v -0.0999999 1.7 -1.8
v 0.2 1.7 -1.8
v 0.7 1.7 -1.8
v 1 1.7 -1.8
v -0.0999999 1.7 -1.9
v 0.2 1.7 -1.9
v 0.7 1.7 -1.9
v 1 1.7 -1.9
v 1.2 1.9 1.8
v 1.3 1.9 1.8
v -1.4 1.9 1.6
v -1.3 1.9 1.6
v -1.4 1.9 1.5
v -1.3 1.9 1.5
v -1.4 1.9 1.4
v -1.3 1.9 1.4
v -1.4 1.9 -0.6
v -1.3 1.9 -0.6
v 1.2 1.9 -0.6
v 1.3 1.9 -0.6
v -1.6 1.9 -1.8
v -1.3 1.9 -1.8
v -1.6 1.9 -1.9
v -1.3 1.9 -1.9
v -1.4 2 1.5
v -1.3 2 1.5
v -1.4 2 1.4
v -1.3 2 1.4
v 1.2 2 -1.8
v 1.3 2 -1.8
v 1.8 2 -1.8
v 1.9 2 -1.8
v 1.2 2 -1.9
v 1.3 2 -1.9
v 1.8 2 -1.9
v 1.9 2 -1.9
v 1.3 2.1 -1.8
v 1.4 2.1 -1.8
v 1.7 2.1 -1.8
v 1.8 2.1 -1.8
v 1.3 2.1 -1.9
v 1.4 2.1 -1.9
v 1.7 2.1 -1.9
v 1.8 2.1 -1.9
v -1 2.2 -1.8
v -0.9 2.2 -1.8
v -0.4 2.2 -1.8
v -0.3 2.2 -1.8
v 0.2 2.2 -1.8
v 0.3 2.2 -1.8
v 0.8 2.2 -1.8
v 0.9 2.2 -1.8
v 1.4 2.2 -1.8
v 1.7 2.2 -1.8
v -1 2.2 -1.9
v -0.9 2.2 -1.9
v -0.4 2.2 -1.9
v -0.3 2.2 -1.9
v 0.2 2.2 -1.9
v 0.3 2.2 -1.9
v 0.8 2.2 -1.9
v 0.9 2.2 -1.9
v 1.4 2.2 -1.9
v 1.7 2.2 -1.9
v -0.9 2.3 -1.8
v -0.8 2.3 -1.8
v -0.5 2.3 -1.8
v -0.4 2.3 -1.8
v 0.3 2.3 -1.8
v 0.4 2.3 -1.8
v 0.7 2.3 -1.8
v 0.8 2.3 -1.8
v -0.9 2.3 -1.9
v -0.8 2.3 -1.9
v -0.5 2.3 -1.9
v -0.4 2.3 -1.9
v 0.3 2.3 -1.9
v 0.4 2.3 -1.9
v 0.7 2.3 -1.9
v 0.8 2.3 -1.9
v -0.8 2.4 -1.8
v -0.5 2.4 -1.8
v 0.4 2.4 -1.8
v 0.7 2.4 -1.8
v -0.8 2.4 -1.9
v -0.5 2.4 -1.9
v 0.4 2.4 -1.9
v 0.7 2.4 -1.9
v -1.9 2.6 -1.8
v -1.8 2.6 -1.8
v -1.3 2.6 -1.8
v -1.2 2.6 -1.8
v -1.9 2.6 -1.9
v -1.8 2.6 -1.9
v -1.3 2.6 -1.9
v -1.2 2.6 -1.9
v -1.8 2.7 -1.8
v -1.7 2.7 -1.8
v -1.4 2.7 -1.8
v -1.3 2.7 -1.8
v -1.8 2.7 -1.9
v -1.7 2.7 -1.9
v -1.4 2.7 -1.9
v -1.3 2.7 -1.9
v -1.7 2.8 -1.8
v -1.4 2.8 -1.8
v -0.3 2.8 -1.8
v -0.2 2.8 -1.8
v 0.3 2.8 -1.8
v 0.4 2.8 -1.8
v -1.7 2.8 -1.9
v -1.4 2.8 -1.9
v -0.3 2.8 -1.9
v -0.2 2.8 -1.9
v 0.3 2.8 -1.9
v 0.4 2.8 -1.9
v -0.2 2.9 -1.8
v -0.0999999 2.9 -1.8
v 0.2 2.9 -1.8
v 0.3 2.9 -1.8
v 0.9 2.9 -1.8
v 1 2.9 -1.8
v -0.2 2.9 -1.9
v -0.0999999 2.9 -1.9
v 0.2 2.9 -1.9
v 0.3 2.9 -1.9
v 0.9 2.9 -1.9
v 1 2.9 -1.9
v -1 3 -1.7
v -0.9 3 -1.7
v -1 3 -1.8
v -0.9 3 -1.8
v -0.8 3 -1.8
v -0.0999999 3 -1.8
v 0.2 3 -1.8
v 0.7 3 -1.8
v 0.8 3 -1.8
v 1.3 3 -1.8
v 1.4 3 -1.8
v 1.5 3 -1.8
v 1.6 3 -1.8
v -1 3 -1.9
v -0.8 3 -1.9
v -0.0999999 3 -1.9
v 0.2 3 -1.9
v 0.7 3 -1.9
v 0.8 3 -1.9
v 1.3 3 -1.9
v 1.4 3 -1.9
v 1.5 3 -1.9
v 1.6 3 -1.9
v 1.8 3.1 -1.6
v 1.9 3.1 -1.6
v -1.6 3.1 -1.8
v -1.4 3.1 -1.8
v -0.8 3.1 -1.8
v -0.7 3.1 -1.8
v -0.3 3.1 -1.8
v -0.0999999 3.1 -1.8
v 1 3.1 -1.8
v 1.1 3.1 -1.8
v 1.8 3.1 -1.8
v -1.6 3.1 -1.9
v -1.4 3.1 -1.9
v -0.8 3.1 -1.9
v -0.7 3.1 -1.9
v -0.3 3.1 -1.9
v -0.0999999 3.1 -1.9
v 1 3.1 -1.9
v 1.1 3.1 -1.9
v 1.8 3.1 -1.9
v 1.9 3.1 -1.9
v -1.2 3.2 -1.7
v -1.1 3.2 -1.7
v -1.4 3.2 -1.8
v -1.2 3.2 -1.8
v -1.1 3.2 -1.8
v -1 3.2 -1.8
v -0.7 3.2 -1.8
v -0.5 3.2 -1.8
v -0.4 3.2 -1.8
v -0.3 3.2 -1.8
v 0.8 3.2 -1.8
v 0.9 3.2 -1.8
v 1.7 3.2 -1.8
v 1.8 3.2 -1.8
v -1.4 3.2 -1.9
v -1 3.2 -1.9
v -0.7 3.2 -1.9
v -0.5 3.2 -1.9
v -0.4 3.2 -1.9
v -0.3 3.2 -1.9
v 0.8 3.2 -1.9
v 0.9 3.2 -1.9
v 1.7 3.2 -1.9
v 1.8 3.2 -1.9
v 1.6 3.3 -1.6
v 1.7 3.3 -1.6
v -0.5 3.3 -1.7
v -0.4 3.3 -1.7
v 1.2 3.3 -1.7
v 1.3 3.3 -1.7
v 1.4 3.3 -1.7
v 1.5 3.3 -1.7
v 1.2 3.3 -1.8
v 1.3 3.3 -1.8
v 1.4 3.3 -1.8
v 1.5 3.3 -1.8
v 1.6 3.3 -1.8
v 1.7 3.3 -1.8
v -0.5 3.3 -1.9
v -0.4 3.3 -1.9
v -0.9 3.4 -1.7
v -0.8 3.4 -1.7
v 1 3.4 -1.7
v 1.1 3.4 -1.7
v -0.9 3.4 -1.8
v -0.8 3.4 -1.8
v -0.7 3.4 -1.8
v 0.6 3.4 -1.8
v 0.7 3.4 -1.8
v 1 3.4 -1.8
v 1.1 3.4 -1.8
v -0.8 3.4 -1.9
v -0.7 3.4 -1.9
v 0.6 3.4 -1.9
v 0.7 3.4 -1.9
v -1 3.5 -1.7
v -0.9 3.5 -1.7
v -1 3.5 -1.8
v -0.9 3.5 -1.8
v -0.8 3.5 -1.8
v -0.7 3.5 -1.8
v -0.6 3.5 -1.8
v -1 3.5 -1.9
v -0.8 3.5 -1.9
v -0.7 3.5 -1.9
v -0.6 3.5 -1.9
v -1.8 3.6 -1.8
v -1.5 3.6 -1.8
v -0.6 3.6 -1.8
v -0.4 3.6 -1.8
v -0.0999999 3.6 -1.8
v 0.1 3.6 -1.8
v 0.3 3.6 -1.8
v 0.5 3.6 -1.8
v -1.8 3.6 -1.9
v -1.5 3.6 -1.9
v -0.6 3.6 -1.9
v -0.4 3.6 -1.9
v -0.0999999 3.6 -1.9
v 0.1 3.6 -1.9
v 0.3 3.6 -1.9
v 0.5 3.6 -1.9
v -1.2 3.7 -1.7
v -1.1 3.7 -1.7
v -0.4 3.7 -1.7
v -0.3 3.7 -1.7
v -1.5 3.7 -1.8
v -1.2 3.7 -1.8
v -1.1 3.7 -1.8
v -1 3.7 -1.8
v -0.3 3.7 -1.8
v -0.0999999 3.7 -1.8
v 0.5 3.7 -1.8
v 0.7 3.7 -1.8
v -1.5 3.7 -1.9
v -1 3.7 -1.9
v -0.4 3.7 -1.9
v -0.0999999 3.7 -1.9
v 0.5 3.7 -1.9
v 0.7 3.7 -1.9
v 0.7 3.9 -1.7
v 0.8 3.9 -1.7
v 0.4 3.9 -1.8
v 0.7 3.9 -1.8
v 0.8 3.9 -1.8
v 0.4 3.9 -1.9
v 0.7 3.9 -1.9
v -2 4 2
v -1.9 4 2
v 1.9 4 2
v 2 4 2
v 0.7 4 -1.8
v 1.9 4 -1.8
v -1.9 4 -1.9
v 0.7 4 -1.9
v 1.9 4 -1.9
v -2 4 -2
v 2 4 -2

# faces
f 3/2/1 2/2/1 1/2/1
f 4/2/1 2/2/1 3/2/1
f 5/4/1 4/4/1 3/4/1
f 6/4/1 4/4/1 5/4/1
f 9/7/1 8/7/1 7/7/1
f 10/7/1 8/7/1 9/7/1
f 13/7/1 12/7/1 11/7/1
f 14/7/1 12/7/1 13/7/1
f 17/6/1 16/6/1 15/6/1
f 18/6/1 16/6/1 17/6/1
f 21/7/1 20/7/1 19/7/1
f 22/7/1 20/7/1 21/7/1
f 25/7/1 24/7/1 23/7/1
f 26/7/1 24/7/1 25/7/1
f 29/7/1 28/7/1 27/7/1
f 30/7/1 28/7/1 29/7/1
f 33/6/1 32/6/1 31/6/1
f 34/6/1 32/6/1 33/6/1
f 37/7/1 36/7/1 35/7/1
f 38/7/1 36/7/1 37/7/1
f 41/6/1 40/6/1 39/6/1
f 42/6/1 40/6/1 41/6/1
f 45/5/1 44/5/1 43/5/1
f 46/5/1 44/5/1 45/5/1
f 50/5/1 44/5/1 46/5/1
f 51/7/1 48/7/1 47/7/1
f 52/7/1 48/7/1 51/7/1
f 55/7/1 54/7/1 53/7/1
f 56/7/1 54/7/1 55/7/1
f 57/5/1 50/5/1 49/5/1
f 58/5/1 44/5/1 50/5/1
f 58/5/1 50/5/1 57/5/1
f 59/8/1 58/8/1 57/8/1
f 60/8/1 58/8/1 59/8/1
f 61/8/1 59/8/1 57/8/1
f 62/8/1 58/8/1 60/8/1
f 63/8/1 61/8/1 57/8/1
f 63/8/1 62/8/1 61/8/1
f 64/8/1 62/8/1 63/8/1
f 65/8/1 62/8/1 64/8/1
f 66/8/1 58/8/1 62/8/1
f 66/8/1 62/8/1 65/8/1
f 67/8/1 65/8/1 64/8/1
f 68/8/1 65/8/1 67/8/1
f 71/6/1 70/6/1 69/6/1
f 72/6/1 70/6/1 71/6/1
f 75/5/1 74/5/1 73/5/1
f 76/5/1 74/5/1 75/5/1
f 79/5/1 77/5/1 76/5/1
f 80/5/1 77/5/1 79/5/1
f 81/5/1 79/5/1 78/5/1
f 82/5/1 79/5/1 81/5/1
f 85/6/1 84/6/1 83/6/1
f 86/6/1 84/6/1 85/6/1
f 89/6/1 88/6/1 87/6/1
f 90/6/1 88/6/1 89/6/1
f 93/6/1 92/6/1 91/6/1
f 94/6/1 92/6/1 93/6/1
f 97/6/1 96/6/1 95/6/1
f 98/6/1 96/6/1 97/6/1
f 101/7/1 100/7/1 99/7/1
f 102/7/1 100/7/1 101/7/1
f 106/6/1 104/6/1 103/6/1
f 107/6/1 106/6/1 105/6/1
f 108/6/1 104/6/1 106/6/1
f 108/6/1 106/6/1 107/6/1
f 109/6/1 104/6/1 108/6/1
f 112/6/1 111/6/1 110/6/1
f 113/6/1 111/6/1 112/6/1
f 114/6/1 111/6/1 113/6/1
f 119/7/1 116/7/1 115/7/1
f 120/7/1 116/7/1 119/7/1
f 121/5/1 118/5/1 117/5/1
f 122/5/1 118/5/1 121/5/1
f 125/5/1 123/5/1 122/5/1
f 126/5/1 123/5/1 125/5/1
f 127/5/1 125/5/1 124/5/1
f 128/5/1 125/5/1 127/5/1
f 131/7/1 130/7/1 129/7/1
f 132/7/1 130/7/1 131/7/1
f 135/7/1 134/7/1 133/7/1
f 136/7/1 134/7/1 135/7/1
f 139/6/1 138/6/1 137/6/1
f 140/6/1 138/6/1 139/6/1
f 143/7/1 142/7/1 141/7/1
f 144/7/1 142/7/1 143/7/1
f 147/7/1 146/7/1 145/7/1
f 148/7/1 146/7/1 147/7/1
f 151/7/1 150/7/1 149/7/1
f 152/7/1 150/7/1 151/7/1
f 155/7/1 154/7/1 153/7/1
f 156/7/1 154/7/1 155/7/1
f 159/6/1 158/6/1 157/6/1
f 160/6/1 158/6/1 159/6/1
f 163/6/1 162/6/1 161/6/1
f 164/6/1 162/6/1 163/6/1
f 167/6/1 166/6/1 165/6/1
f 168/6/1 166/6/1 167/6/1
f 171/6/1 170/6/1 169/6/1
f 172/6/1 170/6/1 171/6/1
f 176/6/1 174/6/1 173/6/1
f 176/6/1 175/6/1 174/6/1
f 177/6/1 175/6/1 176/6/1
f 180/5/1 179/5/1 178/5/1
f 181/5/1 179/5/1 180/5/1
f 182/5/1 180/5/1 178/5/1
f 184/5/1 182/5/1 178/5/1
f 184/5/1 183/5/1 182/5/1
f 185/5/1 183/5/1 184/5/1
f 186/5/1 184/5/1 178/5/1
f 188/5/1 186/5/1 178/5/1
f 188/5/1 187/5/1 186/5/1
f 189/5/1 187/5/1 188/5/1
f 193/6/1 191/6/1 190/6/1
f 193/6/1 192/6/1 191/6/1
f 194/6/1 192/6/1 193/6/1
f 197/7/1 196/7/1 195/7/1
f 198/7/1 196/7/1 197/7/1
f 201/7/1 200/7/1 199/7/1
f 202/7/1 200/7/1 201/7/1
f 205/7/1 204/7/1 203/7/1
f 206/7/1 204/7/1 205/7/1
f 209/6/1 208/6/1 207/6/1
f 210/6/1 208/6/1 209/6/1
f 213/7/1 212/7/1 211/7/1
f 214/7/1 212/7/1 213/7/1
f 217/7/1 216/7/1 215/7/1
f 218/7/1 216/7/1 217/7/1
f 221/7/1 220/7/1 219/7/1
f 222/7/1 220/7/1 221/7/1
f 225/7/1 224/7/1 223/7/1
f 226/7/1 224/7/1 225/7/1
f 229/7/1 228/7/1 227/7/1
f 230/7/1 228/7/1 229/7/1
f 233/7/1 232/7/1 231/7/1
f 234/7/1 232/7/1 233/7/1
f 237/7/1 236/7/1 235/7/1
f 238/7/1 236/7/1 237/7/1
f 241/7/1 240/7/1 239/7/1
f 242/7/1 240/7/1 241/7/1
f 245/6/1 244/6/1 243/6/1
f 246/6/1 244/6/1 245/6/1
f 249/5/1 248/5/1 247/5/1
f 250/5/1 248/5/1 249/5/1
f 253/5/1 252/5/1 251/5/1
f 255/5/1 253/5/1 251/5/1
f 255/5/1 254/5/1 253/5/1
f 256/5/1 254/5/1 255/5/1
f 257/5/1 254/5/1 256/5/1
f 261/5/1 259/5/1 258/5/1
f 262/5/1 259/5/1 261/5/1
f 262/5/1 261/5/1 260/5/1
f 263/5/1 259/5/1 262/5/1
f 264/5/1 262/5/1 260/5/1
f 265/5/1 262/5/1 264/5/1
f 268/7/1 267/7/1 266/7/1
f 269/7/1 267/7/1 268/7/1
f 272/7/1 271/7/1 270/7/1
f 273/7/1 271/7/1 272/7/1
f 276/7/1 275/7/1 274/7/1
f 277/7/1 275/7/1 276/7/1
f 280/7/1 279/7/1 278/7/1
f 281/7/1 279/7/1 280/7/1
f 284/1/1 283/1/1 282/1/1
f 285/1/1 283/1/1 284/1/1
f 288/2/1 287/2/1 286/2/1
f 289/2/1 287/2/1 288/2/1
f 291/5/1 290/5/1 289/5/1
f 293/5/1 291/5/1 289/5/1
f 293/5/1 292/5/1 291/5/1
f 294/5/1 292/5/1 293/5/1
f 297/7/1 296/7/1 295/7/1
f 298/7/1 296/7/1 297/7/1
f 301/7/1 300/7/1 299/7/1
f 302/7/1 300/7/1 301/7/1
f 305/1/1 304/1/1 303/1/1
f 306/1/1 304/1/1 305/1/1
f 309/1/1 308/1/1 307/1/1
f 310/1/1 308/1/1 309/1/1
f 314/5/1 312/5/1 311/5/1
f 315/5/1 312/5/1 314/5/1
f 316/5/1 314/5/1 313/5/1
f 317/5/1 314/5/1 316/5/1
f 320/5/1 319/5/1 318/5/1
f 321/5/1 319/5/1 320/5/1
f 324/1/1 323/1/1 322/1/1
f 325/1/1 323/1/1 324/1/1
f 328/7/1 327/7/1 326/7/1
f 329/7/1 327/7/1 328/7/1
f 332/1/1 331/1/1 330/1/1
f 333/1/1 331/1/1 332/1/1
f 336/1/1 335/1/1 334/1/1
f 337/1/1 335/1/1 336/1/1
f 341/1/1 339/1/1 338/1/1
f 341/1/1 340/1/1 339/1/1
f 342/1/1 340/1/1 341/1/1
f 343/1/1 341/1/1 338/1/1
f 344/1/1 341/1/1 343/1/1
f 346/1/1 345/1/1 344/1/1
f 347/1/1 345/1/1 346/1/1
f 350/1/1 349/1/1 348/1/1
f 351/1/1 349/1/1 350/1/1
f 354/7/1 353/7/1 352/7/1
f 355/7/1 353/7/1 354/7/1
f 358/1/1 357/1/1 356/1/1
f 359/1/1 357/1/1 358/1/1
f 362/1/1 361/1/1 360/1/1
f 363/1/1 361/1/1 362/1/1
f 366/7/1 365/7/1 364/7/1
f 367/7/1 365/7/1 366/7/1
f 371/5/1 369/5/1 368/5/1
f 372/5/1 369/5/1 371/5/1
f 373/5/1 371/5/1 370/5/1
f 374/5/1 371/5/1 373/5/1
f 377/5/1 375/5/1 374/5/1
f 378/5/1 375/5/1 377/5/1
f 381/7/1 380/7/1 379/7/1
f 382/7/1 380/7/1 381/7/1
f 383/5/1 377/5/1 376/5/1
f 384/5/1 377/5/1 383/5/1
f 387/1/1 386/1/1 385/1/1
f 388/1/1 386/1/1 387/1/1
f 391/1/1 390/1/1 389/1/1
f 392/1/1 390/1/1 391/1/1
f 395/7/1 394/7/1 393/7/1
f 396/7/1 394/7/1 395/7/1
f 399/7/1 398/7/1 397/7/1
f 400/7/1 398/7/1 399/7/1
f 403/1/1 402/1/1 401/1/1
f 404/1/1 402/1/1 403/1/1
f 409/8/1 406/8/1 405/8/1
f 410/8/1 408/8/1 407/8/1
f 414/8/1 409/8/1 405/8/1
f 414/8/1 410/8/1 409/8/1
f 415/8/1 414/8/1 413/8/1
f 416/8/1 408/8/1 410/8/1
f 416/8/1 414/8/1 415/8/1
f 416/8/1 410/8/1 414/8/1
f 417/7/1 412/7/1 411/7/1
f 418/7/1 412/7/1 417/7/1
f 421/1/1 420/1/1 419/1/1
f 422/1/1 420/1/1 421/1/1
f 425/1/1 424/1/1 423/1/1
f 426/1/1 424/1/1 425/1/1
f 429/7/1 428/7/1 427/7/1
f 430/7/1 428/7/1 429/7/1
f 433/7/1 432/7/1 431/7/1
f 434/7/1 432/7/1 433/7/1
f 437/1/1 436/1/1 435/1/1
f 438/1/1 436/1/1 437/1/1
f 441/7/1 440/7/1 439/7/1
f 442/7/1 440/7/1 441/7/1
f 445/7/1 444/7/1 443/7/1
f 446/7/1 444/7/1 445/7/1
f 450/1/1 448/1/1 447/1/1
f 451/1/1 448/1/1 450/1/1
f 452/1/1 450/1/1 449/1/1
f 453/1/1 450/1/1 452/1/1
f 456/1/1 455/1/1 454/1/1
f 457/1/1 455/1/1 456/1/1
f 460/1/1 459/1/1 458/1/1
f 461/1/1 459/1/1 460/1/1
f 466/3/1 463/3/1 462/3/1
f 467/3/1 463/3/1 466/3/1
f 477/3/1 465/3/1 464/3/1
f 478/3/1 465/3/1 477/3/1
f 481/3/1 468/3/1 467/3/1
f 482/3/1 468/3/1 481/3/1
f 483/3/1 472/3/1 471/3/1
f 484/3/1 472/3/1 483/3/1
f 487/3/1 476/3/1 475/3/1
f 488/3/1 476/3/1 487/3/1
f 489/3/1 480/3/1 479/3/1
f 490/3/1 480/3/1 489/3/1
f 494/3/1 470/3/1 469/3/1
f 495/3/1 470/3/1 494/3/1
f 496/3/1 486/3/1 485/3/1
f 497/3/1 486/3/1 496/3/1
f 500/3/1 491/3/1 490/3/1
f 501/3/1 491/3/1 500/3/1
f 505/3/1 493/3/1 492/3/1
f 506/3/1 493/3/1 505/3/1
f 509/3/1 474/3/1 473/3/1
f 510/3/1 474/3/1 509/3/1
f 512/3/1 503/3/1 502/3/1
f 513/3/1 503/3/1 512/3/1
f 514/3/1 505/3/1 504/3/1
f 515/3/1 505/3/1 514/3/1
f 517/3/1 508/3/1 507/3/1
f 518/3/1 508/3/1 517/3/1
f 519/3/1 511/3/1 510/3/1
f 520/3/1 511/3/1 519/3/1
f 521/3/1 499/3/1 498/3/1
f 522/3/1 499/3/1 521/3/1
f 523/3/1 517/3/1 516/3/1
f 524/3/1 517/3/1 523/3/1
f 527/1/1 526/1/1 525/1/1
f 528/1/1 526/1/1 527/1/1
f 552/3/1 530/3/1 529/3/1
f 553/3/1 530/3/1 552/3/1
f 554/3/1 530/3/1 553/3/1
f 555/3/1 530/3/1 554/3/1
f 556/3/1 532/3/1 531/3/1
f 557/3/1 532/3/1 556/3/1
f 558/3/1 532/3/1 557/3/1
f 560/3/1 534/3/1 533/3/1
f 561/3/1 534/3/1 560/3/1
f 562/3/1 534/3/1 561/3/1
f 563/3/1 534/3/1 562/3/1
f 564/3/1 536/3/1 535/3/1
f 565/3/1 536/3/1 564/3/1
f 566/3/1 536/3/1 565/3/1
f 567/3/1 538/3/1 537/3/1
f 568/3/1 538/3/1 567/3/1
f 569/3/1 538/3/1 568/3/1
f 570/3/1 538/3/1 569/3/1
f 571/3/1 540/3/1 539/3/1
f 572/3/1 542/3/1 541/3/1
f 573/3/1 542/3/1 572/3/1
f 574/3/1 542/3/1 573/3/1
f 575/3/1 544/3/1 543/3/1
f 576/3/1 546/3/1 545/3/1
f 577/3/1 552/3/1 551/3/1
f 578/3/1 552/3/1 577/3/1
f 580/3/1 555/3/1 554/3/1
f 580/3/1 556/3/1 555/3/1
f 580/3/1 557/3/1 556/3/1
f 581/3/1 557/3/1 580/3/1
f 582/3/1 557/3/1 581/3/1
f 583/3/1 559/3/1 558/3/1
f 587/3/1 563/3/1 562/3/1
f 587/3/1 565/3/1 564/3/1
f 587/3/1 564/3/1 563/3/1
f 588/3/1 565/3/1 587/3/1
f 590/3/1 569/3/1 568/3/1
f 591/3/1 569/3/1 590/3/1
f 592/3/1 569/3/1 591/3/1
f 594/3/1 571/3/1 539/3/1
f 594/3/1 573/3/1 572/3/1
f 594/3/1 572/3/1 571/3/1
f 595/3/1 573/3/1 594/3/1
f 596/3/1 573/3/1 595/3/1
f 597/3/1 573/3/1 596/3/1
f 599/3/1 576/3/1 575/3/1
f 599/3/1 575/3/1 543/3/1
f 600/3/1 576/3/1 599/3/1
f 601/3/1 546/3/1 576/3/1
f 601/3/1 576/3/1 600/3/1
f 602/3/1 546/3/1 601/3/1
f 603/3/1 548/3/1 547/3/1
f 604/3/1 550/3/1 549/3/1
f 605/3/1 550/3/1 604/3/1
f 606/3/1 579/3/1 578/3/1
f 606/3/1 580/3/1 579/3/1
f 606/3/1 581/3/1 580/3/1
f 607/3/1 581/3/1 606/3/1
f 608/3/1 581/3/1 607/3/1
f 609/3/1 581/3/1 608/3/1
f 611/3/1 584/3/1 583/3/1
f 611/3/1 583/3/1 558/3/1
f 612/3/1 586/3/1 585/3/1
f 613/3/1 587/3/1 562/3/1
f 614/3/1 590/3/1 589/3/1
f 615/3/1 593/3/1 592/3/1
f 615/3/1 592/3/1 591/3/1
f 616/3/1 593/3/1 615/3/1
f 617/3/1 593/3/1 616/3/1
f 618/3/1 594/3/1 539/3/1
f 619/3/1 594/3/1 618/3/1
f 620/3/1 596/3/1 595/3/1
f 621/3/1 596/3/1 620/3/1
f 622/3/1 598/3/1 597/3/1
f 623/3/1 598/3/1 622/3/1
f 625/3/1 546/3/1 602/3/1
f 626/3/1 603/3/1 547/3/1
f 626/3/1 604/3/1 603/3/1
f 627/3/1 606/3/1 578/3/1
f 628/3/1 606/3/1 627/3/1
f 629/3/1 608/3/1 607/3/1
f 630/3/1 608/3/1 629/3/1
f 631/3/1 608/3/1 630/3/1
f 633/3/1 611/3/1 610/3/1
f 633/3/1 584/3/1 611/3/1
f 634/3/1 584/3/1 633/3/1
f 635/3/1 587/3/1 613/3/1
f 635/3/1 613/3/1 612/3/1
f 636/3/1 587/3/1 635/3/1
f 639/3/1 614/3/1 589/3/1
f 639/3/1 615/3/1 614/3/1
f 640/3/1 615/3/1 639/3/1
f 643/3/1 625/3/1 602/3/1
f 644/3/1 625/3/1 643/3/1
f 645/3/1 604/3/1 626/3/1
f 646/3/1 604/3/1 645/3/1
f 648/3/1 632/3/1 631/3/1
f 649/3/1 632/3/1 648/3/1
f 650/3/1 633/3/1 610/3/1
f 651/3/1 633/3/1 650/3/1
f 652/3/1 635/3/1 612/3/1
f 652/3/1 612/3/1 585/3/1
f 653/3/1 635/3/1 652/3/1
f 654/3/1 638/3/1 637/3/1
f 655/3/1 638/3/1 654/3/1
f 657/3/1 615/3/1 640/3/1
f 658/3/1 642/3/1 641/3/1
f 659/3/1 642/3/1 658/3/1
f 660/3/1 620/3/1 619/3/1
f 661/3/1 620/3/1 660/3/1
f 662/3/1 627/3/1 578/3/1
f 663/3/1 627/3/1 662/3/1
f 664/3/1 648/3/1 647/3/1
f 665/3/1 648/3/1 664/3/1
f 666/3/1 650/3/1 610/3/1
f 667/3/1 650/3/1 666/3/1
f 668/3/1 635/3/1 653/3/1
f 669/3/1 635/3/1 668/3/1
f 670/3/1 657/3/1 656/3/1
f 670/3/1 656/3/1 655/3/1
f 671/3/1 657/3/1 670/3/1
f 672/3/1 615/3/1 657/3/1
f 672/3/1 657/3/1 671/3/1
f 673/3/1 615/3/1 672/3/1
f 674/3/1 659/3/1 658/3/1
f 674/3/1 660/3/1 659/3/1
f 675/3/1 660/3/1 674/3/1
f 676/3/1 624/3/1 623/3/1
f 677/3/1 624/3/1 676/3/1
f 678/3/1 601/3/1 600/3/1
f 679/3/1 668/3/1 653/3/1
f 680/3/1 668/3/1 679/3/1
f 681/3/1 672/3/1 671/3/1
f 682/3/1 672/3/1 681/3/1
f 683/3/1 660/3/1 675/3/1
f 684/3/1 660/3/1 683/3/1
f 685/3/1 678/3/1 677/3/1
f 686/3/1 601/3/1 678/3/1
f 686/3/1 678/3/1 685/3/1
f 690/1/1 688/1/1 687/1/1
f 691/1/1 690/1/1 689/1/1
f 692/1/1 688/1/1 690/1/1
f 692/1/1 690/1/1 691/1/1
f 693/1/1 688/1/1 692/1/1
f 714/4/1 695/4/1 694/4/1
f 715/4/1 695/4/1 714/4/1
f 716/4/1 697/4/1 696/4/1
f 717/4/1 697/4/1 716/4/1
f 720/4/1 699/4/1 698/4/1
f 721/4/1 699/4/1 720/4/1
f 722/4/1 701/4/1 700/4/1
f 724/4/1 707/4/1 706/4/1
f 725/4/1 707/4/1 724/4/1
f 728/4/1 713/4/1 712/4/1
f 729/4/1 713/4/1 728/4/1
f 736/4/1 723/4/1 722/4/1
f 736/4/1 722/4/1 700/4/1
f 737/4/1 723/4/1 736/4/1
f 742/4/1 705/4/1 704/4/1
f 743/4/1 705/4/1 742/4/1
f 747/4/1 711/4/1 710/4/1
f 748/4/1 711/4/1 747/4/1
f 752/4/1 719/4/1 718/4/1
f 753/4/1 719/4/1 752/4/1
f 756/4/1 703/4/1 702/4/1
f 757/4/1 739/4/1 738/4/1
f 758/4/1 739/4/1 757/4/1
f 759/4/1 741/4/1 740/4/1
f 760/4/1 741/4/1 759/4/1
f 762/4/1 709/4/1 708/4/1
f 763/4/1 709/4/1 762/4/1
f 765/4/1 751/4/1 750/4/1
f 766/4/1 751/4/1 765/4/1
f 769/4/1 735/4/1 734/4/1
f 770/4/1 736/4/1 700/4/1
f 771/4/1 736/4/1 770/4/1
f 773/4/1 756/4/1 702/4/1
f 773/4/1 757/4/1 756/4/1
f 774/4/1 757/4/1 773/4/1
f 775/4/1 746/4/1 745/4/1
f 776/4/1 749/4/1 748/4/1
f 778/4/1 731/4/1 730/4/1
f 780/4/1 733/4/1 732/4/1
f 781/4/1 733/4/1 780/4/1
f 783/4/1 769/4/1 768/4/1
f 783/4/1 735/4/1 769/4/1
f 785/4/1 772/4/1 771/4/1
f 786/4/1 772/4/1 785/4/1
f 787/4/1 755/4/1 754/4/1
f 789/4/1 757/4/1 774/4/1
f 790/4/1 757/4/1 789/4/1
f 791/4/1 760/4/1 759/4/1
f 791/4/1 761/4/1 760/4/1
f 791/4/1 759/4/1 758/4/1
f 792/4/1 727/4/1 726/4/1
f 793/4/1 767/4/1 766/4/1
f 793/4/1 765/4/1 764/4/1
f 793/4/1 766/4/1 765/4/1
f 794/4/1 767/4/1 793/4/1
f 795/4/1 778/4/1 777/4/1
f 796/4/1 731/4/1 778/4/1
f 796/4/1 778/4/1 795/4/1
f 797/4/1 782/4/1 781/4/1
f 797/4/1 781/4/1 780/4/1
f 797/4/1 780/4/1 779/4/1
f 799/4/1 784/4/1 783/4/1
f 799/4/1 783/4/1 768/4/1
f 800/4/1 784/4/1 799/4/1
f 803/4/1 788/4/1 787/4/1
f 803/4/1 787/4/1 754/4/1
f 804/4/1 788/4/1 803/4/1
f 806/4/1 791/4/1 790/4/1
f 806/4/1 761/4/1 791/4/1
f 807/4/1 744/4/1 743/4/1
f 808/4/1 744/4/1 807/4/1
f 809/4/1 794/4/1 793/4/1
f 809/4/1 796/4/1 795/4/1
f 809/4/1 797/4/1 796/4/1
f 809/4/1 782/4/1 797/4/1
f 809/4/1 795/4/1 794/4/1
f 809/4/1 793/4/1 792/4/1
f 810/4/1 801/4/1 800/4/1
f 810/4/1 800/4/1 799/4/1
f 810/4/1 799/4/1 798/4/1
f 811/4/1 801/4/1 810/4/1
f 812/4/1 805/4/1 804/4/1
f 812/4/1 804/4/1 803/4/1
f 812/4/1 803/4/1 802/4/1
f 813/4/1 811/4/1 810/4/1
f 813/4/1 812/4/1 811/4/1
f 813/4/1 805/4/1 812/4/1
f 813/4/1 810/4/1 809/4/1
f 814/4/1 806/4/1 790/4/1
f 814/4/1 807/4/1 806/4/1
f 815/4/1 807/4/1 814/4/1
f 816/4/1 775/4/1 745/4/1
f 816/4/1 776/4/1 775/4/1
f 817/4/1 815/4/1 814/4/1
f 817/4/1 816/4/1 815/4/1
f 817/4/1 776/4/1 816/4/1
f 817/4/1 814/4/1 813/4/1
f 817/4/1 749/4/1 776/4/1
f 818/4/1 749/4/1 817/4/1
f 819/4/1 817/4/1 813/4/1
f 821/4/1 819/4/1 813/4/1
f 821/4/1 820/4/1 819/4/1
f 822/4/1 820/4/1 821/4/1
f 823/4/1 821/4/1 813/4/1
f 824/4/1 821/4/1 823/4/1
f 825/4/1 823/4/1 813/4/1
f 827/4/1 826/4/1 825/4/1
f 828/4/1 826/4/1 827/4/1
f 829/4/1 813/4/1 809/4/1
f 829/4/1 792/4/1 726/4/1
f 829/4/1 827/4/1 825/4/1
f 829/4/1 825/4/1 813/4/1
f 829/4/1 809/4/1 792/4/1
f 830/4/1 827/4/1 829/4/1
f 831/4/2 832/4/2 855/4/2
f 855/4/2 832/4/2 856/4/2
f 833/4/2 834/4/2 859/4/2
f 859/4/2 834/4/2 860/4/2
f 839/4/2 840/4/2 861/4/2
f 861/4/2 840/4/2 862/4/2
f 841/4/2 842/4/2 865/4/2
f 865/4/2 842/4/2 866/4/2
f 843/4/2 844/4/2 867/4/2
f 867/4/2 844/4/2 868/4/2
f 845/4/2 846/4/2 869/4/2
f 869/4/2 846/4/2 870/4/2
f 849/4/2 850/4/2 871/4/2
f 871/4/2 850/4/2 872/4/2
f 857/4/2 858/4/2 874/4/2
f 868/4/2 844/4/2 878/4/2
f 878/4/2 844/4/2 879/4/2
f 847/4/2 848/4/2 882/4/2
f 882/4/2 848/4/2 883/4/2
f 872/4/2 873/4/2 885/4/2
f 851/4/2 852/4/2 886/4/2
f 886/4/2 852/4/2 887/4/2
f 857/4/2 874/4/2 890/4/2
f 874/4/2 875/4/2 890/4/2
f 890/4/2 875/4/2 891/4/2
f 837/4/2 838/4/2 892/4/2
f 892/4/2 838/4/2 893/4/2
f 864/4/2 865/4/2 894/4/2
f 894/4/2 865/4/2 895/4/2
f 880/4/2 881/4/2 898/4/2
f 884/4/2 885/4/2 900/4/2
f 885/4/2 873/4/2 901/4/2
f 900/4/2 885/4/2 901/4/2
f 901/4/2 873/4/2 902/4/2
f 888/4/2 889/4/2 906/4/2
f 876/4/2 877/4/2 910/4/2
f 903/4/2 904/4/2 915/4/2
f 915/4/2 904/4/2 916/4/2
f 853/4/2 854/4/2 917/4/2
f 917/4/2 854/4/2 918/4/2
f 857/4/2 890/4/2 919/4/2
f 919/4/2 890/4/2 920/4/2
f 911/4/2 912/4/2 922/4/2
f 862/4/2 863/4/2 923/4/2
f 923/4/2 863/4/2 924/4/2
f 895/4/2 896/4/2 925/4/2
f 913/4/2 914/4/2 927/4/2
f 927/4/2 914/4/2 928/4/2
f 899/4/2 900/4/2 930/4/2
f 900/4/2 901/4/2 930/4/2
f 905/4/2 906/4/2 932/4/2
f 906/4/2 889/4/2 933/4/2
f 932/4/2 906/4/2 933/4/2
f 907/4/2 908/4/2 938/4/2
f 909/4/2 910/4/2 940/4/2
f 835/4/2 836/4/2 941/4/2
f 941/4/2 836/4/2 942/4/2
f 925/4/2 926/4/2 944/4/2
f 895/4/2 925/4/2 944/4/2
f 944/4/2 926/4/2 945/4/2
f 897/4/2 898/4/2 946/4/2
f 929/4/2 930/4/2 948/4/2
f 930/4/2 901/4/2 949/4/2
f 948/4/2 930/4/2 949/4/2
f 933/4/2 934/4/2 950/4/2
f 931/4/2 932/4/2 950/4/2
f 932/4/2 933/4/2 950/4/2
f 939/4/2 940/4/2 951/4/2
f 910/4/2 877/4/2 951/4/2
f 940/4/2 910/4/2 951/4/2
f 921/4/2 922/4/2 952/4/2
f 922/4/2 912/4/2 953/4/2
f 952/4/2 922/4/2 953/4/2
f 945/4/2 946/4/2 954/4/2
f 944/4/2 945/4/2 954/4/2
f 943/4/2 944/4/2 954/4/2
f 946/4/2 898/4/2 955/4/2
f 898/4/2 881/4/2 955/4/2
f 954/4/2 946/4/2 955/4/2
f 949/4/2 950/4/2 956/4/2
f 948/4/2 949/4/2 956/4/2
f 947/4/2 948/4/2 956/4/2
f 935/4/2 936/4/2 957/4/2
f 937/4/2 938/4/2 958/4/2
f 938/4/2 908/4/2 959/4/2
f 958/4/2 938/4/2 959/4/2
f 954/4/2 955/4/2 960/4/2
f 952/4/2 953/4/2 960/4/2
f 939/4/2 951/4/2 960/4/2
f 955/4/2 956/4/2 960/4/2
f 953/4/2 954/4/2 960/4/2
f 951/4/2 952/4/2 960/4/2
f 958/4/2 959/4/2 961/4/2
f 959/4/2 960/4/2 961/4/2
f 960/4/2 956/4/2 961/4/2
f 950/4/2 934/4/2 961/4/2
f 956/4/2 950/4/2 961/4/2
f 957/4/2 958/4/2 961/4/2
f 961/4/2 934/4/2 962/4/2
f 957/4/2 961/4/2 963/4/2
f 935/4/2 957/4/2 965/4/2
f 963/4/2 964/4/2 965/4/2
f 957/4/2 963/4/2 965/4/2
f 965/4/2 964/4/2 966/4/2
f 967/3/2 968/3/2 990/3/2
f 990/3/2 968/3/2 991/3/2
f 991/3/2 968/3/2 992/3/2
f 992/3/2 968/3/2 993/3/2
f 969/3/2 970/3/2 994/3/2
f 973/3/2 974/3/2 995/3/2
f 995/3/2 974/3/2 996/3/2
f 975/3/2 976/3/2 997/3/2
f 997/3/2 976/3/2 998/3/2
f 998/3/2 976/3/2 999/3/2
f 999/3/2 976/3/2 1000/3/2
f 977/3/2 978/3/2 1001/3/2
f 1001/3/2 978/3/2 1002/3/2
f 979/3/2 980/3/2 1003/3/2
f 981/3/2 982/3/2 1004/3/2
f 983/3/2 984/3/2 1005/3/2
f 985/3/2 986/3/2 1006/3/2
f 1006/3/2 986/3/2 1007/3/2
f 989/3/2 990/3/2 1008/3/2
f 990/3/2 991/3/2 1008/3/2
f 1008/3/2 991/3/2 1009/3/2
f 992/3/2 993/3/2 1010/3/2
f 993/3/2 994/3/2 1010/3/2
f 1010/3/2 994/3/2 1011/3/2
f 994/3/2 970/3/2 1012/3/2
f 1011/3/2 994/3/2 1012/3/2
f 1012/3/2 970/3/2 1013/3/2
f 1000/3/2 1001/3/2 1016/3/2
f 979/3/2 1003/3/2 1018/3/2
f 1003/3/2 1004/3/2 1018/3/2
f 1004/3/2 982/3/2 1019/3/2
f 1018/3/2 1004/3/2 1019/3/2
f 1019/3/2 982/3/2 1020/3/2
f 1020/3/2 982/3/2 1021/3/2
f 1005/3/2 1006/3/2 1022/3/2
f 983/3/2 1005/3/2 1022/3/2
f 1022/3/2 1006/3/2 1023/3/2
f 1023/3/2 1006/3/2 1024/3/2
f 1024/3/2 1006/3/2 1025/3/2
f 1007/3/2 986/3/2 1026/3/2
f 987/3/2 988/3/2 1027/3/2
f 1027/3/2 988/3/2 1028/3/2
f 1028/3/2 988/3/2 1029/3/2
f 989/3/2 1008/3/2 1030/3/2
f 1030/3/2 1008/3/2 1031/3/2
f 1011/3/2 1012/3/2 1033/3/2
f 971/3/2 972/3/2 1034/3/2
f 1014/3/2 1015/3/2 1035/3/2
f 998/3/2 999/3/2 1036/3/2
f 1016/3/2 1017/3/2 1037/3/2
f 1000/3/2 1016/3/2 1037/3/2
f 1017/3/2 1018/3/2 1037/3/2
f 1018/3/2 1019/3/2 1037/3/2
f 1037/3/2 1019/3/2 1038/3/2
f 1038/3/2 1019/3/2 1039/3/2
f 1039/3/2 1019/3/2 1040/3/2
f 1020/3/2 1021/3/2 1041/3/2
f 1021/3/2 1022/3/2 1041/3/2
f 1041/3/2 1022/3/2 1042/3/2
f 1023/3/2 1024/3/2 1043/3/2
f 1043/3/2 1024/3/2 1044/3/2
f 1007/3/2 1026/3/2 1046/3/2
f 1027/3/2 1028/3/2 1046/3/2
f 1026/3/2 1027/3/2 1046/3/2
f 1046/3/2 1028/3/2 1047/3/2
f 1047/3/2 1028/3/2 1048/3/2
f 1048/3/2 1028/3/2 1049/3/2
f 1049/3/2 1028/3/2 1050/3/2
f 989/3/2 1030/3/2 1051/3/2
f 1051/3/2 1030/3/2 1052/3/2
f 1031/3/2 1008/3/2 1053/3/2
f 1053/3/2 1008/3/2 1054/3/2
f 1032/3/2 1033/3/2 1056/3/2
f 1033/3/2 1012/3/2 1056/3/2
f 1056/3/2 1012/3/2 1057/3/2
f 1035/3/2 1015/3/2 1058/3/2
f 1034/3/2 1035/3/2 1058/3/2
f 1058/3/2 1015/3/2 1059/3/2
f 1038/3/2 1039/3/2 1060/3/2
f 1060/3/2 1039/3/2 1061/3/2
f 1061/3/2 1039/3/2 1062/3/2
f 1046/3/2 1047/3/2 1063/3/2
f 1045/3/2 1046/3/2 1063/3/2
f 1048/3/2 1049/3/2 1064/3/2
f 1029/3/2 988/3/2 1065/3/2
f 1052/3/2 1053/3/2 1068/3/2
f 1054/3/2 1055/3/2 1069/3/2
f 1032/3/2 1056/3/2 1070/3/2
f 971/3/2 1034/3/2 1071/3/2
f 1034/3/2 1058/3/2 1071/3/2
f 1071/3/2 1058/3/2 1072/3/2
f 1059/3/2 1015/3/2 1073/3/2
f 998/3/2 1036/3/2 1074/3/2
f 1036/3/2 1037/3/2 1074/3/2
f 1038/3/2 1060/3/2 1075/3/2
f 1075/3/2 1060/3/2 1076/3/2
f 1062/3/2 1039/3/2 1078/3/2
f 1020/3/2 1041/3/2 1079/3/2
f 1042/3/2 1043/3/2 1080/3/2
f 1080/3/2 1043/3/2 1081/3/2
f 1063/3/2 1064/3/2 1082/3/2
f 1064/3/2 1049/3/2 1082/3/2
f 1082/3/2 1049/3/2 1083/3/2
f 1065/3/2 1066/3/2 1084/3/2
f 1029/3/2 1065/3/2 1084/3/2
f 1084/3/2 1066/3/2 1085/3/2
f 1067/3/2 1068/3/2 1086/3/2
f 1086/3/2 1068/3/2 1087/3/2
f 1068/3/2 1053/3/2 1088/3/2
f 1087/3/2 1068/3/2 1088/3/2
f 1088/3/2 1053/3/2 1089/3/2
f 1069/3/2 1070/3/2 1090/3/2
f 1070/3/2 1056/3/2 1090/3/2
f 1090/3/2 1056/3/2 1091/3/2
f 1013/3/2 970/3/2 1092/3/2
f 971/3/2 1071/3/2 1093/3/2
f 1059/3/2 1073/3/2 1094/3/2
f 1074/3/2 1037/3/2 1095/3/2
f 1095/3/2 1037/3/2 1096/3/2
f 1076/3/2 1077/3/2 1097/3/2
f 1077/3/2 1078/3/2 1097/3/2
f 1078/3/2 1039/3/2 1098/3/2
f 1097/3/2 1078/3/2 1098/3/2
f 1079/3/2 1080/3/2 1099/3/2
f 1020/3/2 1079/3/2 1099/3/2
f 1099/3/2 1080/3/2 1100/3/2
f 1045/3/2 1063/3/2 1101/3/2
f 1063/3/2 1082/3/2 1101/3/2
f 1101/3/2 1082/3/2 1102/3/2
f 1092/3/2 1093/3/2 1103/3/2
f 1013/3/2 1092/3/2 1103/3/2
f 1093/3/2 1071/3/2 1104/3/2
f 1103/3/2 1093/3/2 1104/3/2
f 1059/3/2 1094/3/2 1105/3/2
f 1094/3/2 1095/3/2 1105/3/2
f 1105/3/2 1095/3/2 1106/3/2
f 1020/3/2 1099/3/2 1107/3/2
f 1107/3/2 1099/3/2 1108/3/2
f 1087/3/2 1088/3/2 1109/3/2
f 1109/3/2 1088/3/2 1110/3/2
f 1069/3/2 1090/3/2 1111/3/2
f 1054/3/2 1069/3/2 1111/3/2
f 1111/3/2 1090/3/2 1112/3/2
f 1115/3/2 1116/3/2 1121/3/2
f 1121/3/2 1116/3/2 1122/3/2
f 1117/3/2 1118/3/2 1123/3/2
f 1123/3/2 1118/3/2 1124/3/2
f 1125/3/2 1126/3/2 1130/3/2
f 1130/3/2 1126/3/2 1131/3/2
f 1113/3/2 1114/3/2 1132/3/2
f 1127/3/2 1128/3/2 1133/3/2
f 1133/3/2 1128/3/2 1134/3/2
f 1119/3/2 1120/3/2 1135/3/2
f 1135/3/2 1120/3/2 1136/3/2
f 1113/3/2 1132/3/2 1139/3/2
f 1132/3/2 1133/3/2 1139/3/2
f 1139/3/2 1133/3/2 1140/3/2
f 1137/3/2 1138/3/2 1143/3/2
f 1143/3/2 1138/3/2 1144/3/2
f 1129/3/2 1130/3/2 1145/3/2
f 1145/3/2 1130/3/2 1146/3/2
f 1141/3/2 1142/3/2 1147/3/2
f 1147/3/2 1142/3/2 1148/3/2
f 1149/6/2 1150/6/2 1151/6/2
f 1151/6/2 1150/6/2 1152/6/2
f 1153/7/2 1154/7/2 1155/7/2
f 1155/7/2 1154/7/2 1156/7/2
f 1157/7/2 1158/7/2 1159/7/2
f 1159/7/2 1158/7/2 1160/7/2
f 1161/6/2 1162/6/2 1163/6/2
f 1163/6/2 1162/6/2 1164/6/2
f 1165/5/2 1166/5/2 1167/5/2
f 1165/5/2 1167/5/2 1169/5/2
f 1167/5/2 1168/5/2 1169/5/2
f 1169/5/2 1168/5/2 1170/5/2
f 1165/5/2 1169/5/2 1171/5/2
f 1171/5/2 1169/5/2 1172/5/2
f 1173/8/2 1174/8/2 1178/8/2
f 1178/8/2 1174/8/2 1179/8/2
f 1179/8/2 1174/8/2 1180/8/2
f 1177/8/2 1178/8/2 1181/8/2
f 1178/8/2 1179/8/2 1181/8/2
f 1180/8/2 1174/8/2 1182/8/2
f 1177/8/2 1181/8/2 1183/8/2
f 1181/8/2 1182/8/2 1183/8/2
f 1183/8/2 1182/8/2 1184/8/2
f 1184/8/2 1182/8/2 1185/8/2
f 1182/8/2 1174/8/2 1186/8/2
f 1185/8/2 1182/8/2 1186/8/2
f 1175/7/2 1176/7/2 1187/7/2
f 1187/7/2 1176/7/2 1188/7/2
f 1184/8/2 1185/8/2 1189/8/2
f 1189/8/2 1185/8/2 1190/8/2
f 1191/7/2 1192/7/2 1193/7/2
f 1193/7/2 1192/7/2 1194/7/2
f 1195/7/2 1196/7/2 1197/7/2
f 1197/7/2 1196/7/2 1198/7/2
f 1199/7/2 1200/7/2 1201/7/2
f 1201/7/2 1200/7/2 1202/7/2
f 1203/7/2 1204/7/2 1205/7/2
f 1205/7/2 1204/7/2 1206/7/2
f 1207/7/2 1208/7/2 1209/7/2
f 1209/7/2 1208/7/2 1210/7/2
f 1211/6/2 1212/6/2 1213/6/2
f 1213/6/2 1212/6/2 1214/6/2
f 1215/6/2 1216/6/2 1217/6/2
f 1217/6/2 1216/6/2 1218/6/2
f 1219/5/2 1220/5/2 1223/5/2
f 1223/5/2 1220/5/2 1224/5/2
f 1224/5/2 1225/5/2 1227/5/2
f 1227/5/2 1225/5/2 1228/5/2
f 1221/7/2 1222/7/2 1229/7/2
f 1229/7/2 1222/7/2 1230/7/2
f 1226/5/2 1227/5/2 1231/5/2
f 1231/5/2 1227/5/2 1232/5/2
f 1233/6/2 1234/6/2 1235/6/2
f 1235/6/2 1234/6/2 1236/6/2
f 1237/6/2 1238/6/2 1239/6/2
f 1239/6/2 1238/6/2 1240/6/2
f 1241/6/2 1242/6/2 1244/6/2
f 1244/6/2 1242/6/2 1245/6/2
f 1243/6/2 1244/6/2 1246/6/2
f 1246/6/2 1244/6/2 1247/6/2
f 1248/6/2 1249/6/2 1250/6/2
f 1250/6/2 1249/6/2 1251/6/2
f 1252/6/2 1253/6/2 1254/6/2
f 1254/6/2 1253/6/2 1255/6/2
f 1256/6/2 1257/6/2 1258/6/2
f 1258/6/2 1257/6/2 1259/6/2
f 1259/6/2 1260/6/2 1261/6/2
f 1261/6/2 1260/6/2 1262/6/2
f 1263/6/2 1264/6/2 1265/6/2
f 1265/6/2 1264/6/2 1266/6/2
f 1267/6/2 1268/6/2 1269/6/2
f 1269/6/2 1268/6/2 1270/6/2
f 1271/6/2 1272/6/2 1273/6/2
f 1273/6/2 1272/6/2 1274/6/2
f 1275/7/2 1276/7/2 1277/7/2
f 1277/7/2 1276/7/2 1278/7/2
f 1279/5/2 1280/5/2 1282/5/2
f 1282/5/2 1280/5/2 1283/5/2
f 1281/5/2 1282/5/2 1286/5/2
f 1286/5/2 1282/5/2 1287/5/2
f 1284/7/2 1285/7/2 1289/7/2
f 1289/7/2 1285/7/2 1290/7/2
f 1287/5/2 1288/5/2 1292/5/2
f 1292/5/2 1288/5/2 1293/5/2
f 1291/5/2 1292/5/2 1294/5/2
f 1294/5/2 1292/5/2 1295/5/2
f 1295/5/2 1296/5/2 1297/5/2
f 1297/5/2 1296/5/2 1298/5/2
f 1299/7/2 1300/7/2 1301/7/2
f 1301/7/2 1300/7/2 1302/7/2
f 1303/7/2 1304/7/2 1305/7/2
f 1305/7/2 1304/7/2 1306/7/2
f 1307/7/2 1308/7/2 1309/7/2
f 1309/7/2 1308/7/2 1310/7/2
f 1311/7/2 1312/7/2 1313/7/2
f 1313/7/2 1312/7/2 1314/7/2
f 1315/7/2 1316/7/2 1317/7/2
f 1317/7/2 1316/7/2 1318/7/2
f 1319/6/2 1320/6/2 1322/6/2
f 1320/6/2 1321/6/2 1322/6/2
f 1322/6/2 1321/6/2 1323/6/2
f 1324/6/2 1325/6/2 1326/6/2
f 1326/6/2 1325/6/2 1327/6/2
f 1328/7/2 1329/7/2 1330/7/2
f 1330/7/2 1329/7/2 1331/7/2
f 1332/6/2 1333/6/2 1334/6/2
f 1334/6/2 1333/6/2 1335/6/2
f 1336/6/2 1337/6/2 1338/6/2
f 1338/6/2 1337/6/2 1339/6/2
f 1340/2/2 1341/2/2 1342/2/2
f 1342/2/2 1341/2/2 1343/2/2
f 1343/5/2 1344/5/2 1345/5/2
f 1343/5/2 1345/5/2 1347/5/2
f 1345/5/2 1346/5/2 1347/5/2
f 1347/5/2 1346/5/2 1348/5/2
f 1343/5/2 1347/5/2 1349/5/2
f 1349/5/2 1347/5/2 1350/5/2
f 1351/6/2 1352/6/2 1353/6/2
f 1353/6/2 1352/6/2 1354/6/2
f 1355/6/2 1356/6/2 1357/6/2
f 1357/6/2 1356/6/2 1358/6/2
f 1359/5/2 1360/5/2 1361/5/2
f 1361/5/2 1360/5/2 1362/5/2
f 1362/5/2 1360/5/2 1363/5/2
f 1364/7/2 1365/7/2 1366/7/2
f 1366/7/2 1365/7/2 1367/7/2
f 1368/6/2 1369/6/2 1370/6/2
f 1370/6/2 1369/6/2 1371/6/2
f 1372/7/2 1373/7/2 1374/7/2
f 1374/7/2 1373/7/2 1375/7/2
f 1376/7/2 1377/7/2 1378/7/2
f 1378/7/2 1377/7/2 1379/7/2
f 1380/7/2 1381/7/2 1382/7/2
f 1382/7/2 1381/7/2 1383/7/2
f 1384/7/2 1385/7/2 1386/7/2
f 1386/7/2 1385/7/2 1387/7/2
f 1388/5/2 1389/5/2 1390/5/2
f 1390/5/2 1389/5/2 1391/5/2
f 1391/5/2 1392/5/2 1393/5/2
f 1393/5/2 1392/5/2 1394/5/2
f 1395/7/2 1396/7/2 1397/7/2
f 1397/7/2 1396/7/2 1398/7/2
f 1399/7/2 1400/7/2 1401/7/2
f 1401/7/2 1400/7/2 1402/7/2
f 1403/7/2 1404/7/2 1405/7/2
f 1405/7/2 1404/7/2 1406/7/2
f 1407/7/2 1408/7/2 1409/7/2
f 1409/7/2 1408/7/2 1410/7/2
f 1411/7/2 1412/7/2 1413/7/2
f 1413/7/2 1412/7/2 1414/7/2
f 1415/7/2 1416/7/2 1417/7/2
f 1417/7/2 1416/7/2 1418/7/2
f 1419/5/2 1420/5/2 1421/5/2
f 1421/5/2 1420/5/2 1422/5/2
f 1419/5/2 1421/5/2 1423/5/2
f 1423/5/2 1421/5/2 1424/5/2
f 1425/1/2 1426/1/2 1427/1/2
f 1427/1/2 1426/1/2 1428/1/2
f 1429/7/2 1430/7/2 1431/7/2
f 1431/7/2 1430/7/2 1432/7/2
f 1433/7/2 1434/7/2 1435/7/2
f 1435/7/2 1434/7/2 1436/7/2
f 1437/7/2 1438/7/2 1439/7/2
f 1439/7/2 1438/7/2 1440/7/2
f 1441/1/2 1442/1/2 1443/1/2
f 1443/1/2 1442/1/2 1444/1/2
f 1445/7/2 1446/7/2 1447/7/2
f 1447/7/2 1446/7/2 1448/7/2
f 1449/7/2 1450/7/2 1451/7/2
f 1451/7/2 1450/7/2 1452/7/2
f 1453/1/2 1454/1/2 1455/1/2
f 1455/1/2 1454/1/2 1456/1/2
f 1457/1/2 1458/1/2 1459/1/2
f 1459/1/2 1458/1/2 1460/1/2
f 1461/1/2 1462/1/2 1463/1/2
f 1463/1/2 1462/1/2 1464/1/2
f 1465/5/2 1466/5/2 1468/5/2
f 1468/5/2 1466/5/2 1469/5/2
f 1467/5/2 1468/5/2 1470/5/2
f 1470/5/2 1468/5/2 1471/5/2
f 1471/5/2 1472/5/2 1474/5/2
f 1474/5/2 1472/5/2 1475/5/2
f 1473/5/2 1474/5/2 1476/5/2
f 1476/5/2 1474/5/2 1477/5/2
f 1478/7/2 1479/7/2 1480/7/2
f 1480/7/2 1479/7/2 1481/7/2
f 1482/1/2 1483/1/2 1484/1/2
f 1484/1/2 1483/1/2 1485/1/2
f 1486/7/2 1487/7/2 1488/7/2
f 1488/7/2 1487/7/2 1489/7/2
f 1490/1/2 1491/1/2 1492/1/2
f 1492/1/2 1491/1/2 1493/1/2
f 1494/1/2 1495/1/2 1496/1/2
f 1496/1/2 1495/1/2 1497/1/2
f 1498/1/2 1499/1/2 1500/1/2
f 1500/1/2 1499/1/2 1501/1/2
f 1502/1/2 1503/1/2 1504/1/2
f 1504/1/2 1503/1/2 1505/1/2
f 1506/5/2 1507/5/2 1508/5/2
f 1508/5/2 1507/5/2 1509/5/2
f 1510/5/2 1511/5/2 1512/5/2
f 1512/5/2 1511/5/2 1513/5/2
f 1513/5/2 1514/5/2 1515/5/2
f 1515/5/2 1514/5/2 1516/5/2
f 1517/5/2 1518/5/2 1519/5/2
f 1519/5/2 1518/5/2 1520/5/2
f 1520/5/2 1518/5/2 1521/5/2
f 1521/5/2 1518/5/2 1522/5/2
f 1522/5/2 1518/5/2 1524/5/2
f 1523/5/2 1524/5/2 1526/5/2
f 1524/5/2 1518/5/2 1527/5/2
f 1526/5/2 1524/5/2 1527/5/2
f 1525/8/2 1526/8/2 1529/8/2
f 1526/8/2 1527/8/2 1529/8/2
f 1528/8/2 1529/8/2 1530/8/2
f 1529/8/2 1527/8/2 1531/8/2
f 1530/8/2 1529/8/2 1531/8/2
f 1532/1/2 1533/1/2 1535/1/2
f 1535/1/2 1533/1/2 1536/1/2
f 1534/1/2 1535/1/2 1537/1/2
f 1537/1/2 1535/1/2 1538/1/2
f 1539/1/2 1540/1/2 1541/1/2
f 1541/1/2 1540/1/2 1542/1/2
f 1543/1/2 1544/1/2 1546/1/2
f 1546/1/2 1544/1/2 1547/1/2
f 1545/1/2 1546/1/2 1548/1/2
f 1548/1/2 1546/1/2 1549/1/2
f 1550/7/2 1551/7/2 1552/7/2
f 1552/7/2 1551/7/2 1553/7/2
f 1554/7/2 1555/7/2 1556/7/2
f 1556/7/2 1555/7/2 1557/7/2
f 1558/1/2 1559/1/2 1560/1/2
f 1560/1/2 1559/1/2 1561/1/2
f 1562/7/2 1563/7/2 1564/7/2
f 1564/7/2 1563/7/2 1565/7/2
f 1566/7/2 1567/7/2 1568/7/2
f 1568/7/2 1567/7/2 1569/7/2
f 1570/7/2 1571/7/2 1572/7/2
f 1572/7/2 1571/7/2 1573/7/2
f 1574/7/2 1575/7/2 1576/7/2
f 1576/7/2 1575/7/2 1577/7/2
f 1578/1/2 1579/1/2 1581/1/2
f 1579/1/2 1580/1/2 1581/1/2
f 1581/1/2 1580/1/2 1582/1/2
f 1582/1/2 1580/1/2 1583/1/2
f 1584/7/2 1585/7/2 1586/7/2
f 1586/7/2 1585/7/2 1587/7/2
f 1588/7/2 1589/7/2 1590/7/2
f 1590/7/2 1589/7/2 1591/7/2
f 1592/7/2 1593/7/2 1594/7/2
f 1594/7/2 1593/7/2 1595/7/2
f 1596/1/2 1597/1/2 1598/1/2
f 1598/1/2 1597/1/2 1599/1/2
f 1600/2/2 1601/2/2 1602/2/2
f 1602/2/2 1601/2/2 1603/2/2
f 1602/4/2 1603/4/2 1604/4/2
f 1604/4/2 1603/4/2 1605/4/2
f 1609/2/3 1607/2/3 1606/2/3
f 1609/4/3 1608/4/3 1607/4/3
f 1610/4/3 1608/4/3 1609/4/3
f 1611/4/3 1608/4/3 1610/4/3
f 1612/3/3 1610/3/3 1609/3/3
f 1613/3/3 1610/3/3 1612/3/3
f 1614/2/3 1609/2/3 1606/2/3
f 1614/3/3 1612/3/3 1609/3/3
f 1615/3/3 1612/3/3 1614/3/3
f 1616/2/3 1614/2/3 1606/2/3
f 1617/2/3 1614/2/3 1616/2/3
f 1620/2/3 1619/2/3 1618/2/3
f 1622/3/3 1621/3/3 1620/3/3
f 1624/2/3 1620/2/3 1618/2/3
f 1624/3/3 1623/3/3 1622/3/3
f 1624/3/3 1622/3/3 1620/3/3
f 1625/3/3 1623/3/3 1624/3/3
f 1627/2/3 1624/2/3 1618/2/3
f 1628/4/3 1625/4/3 1624/4/3
f 1628/2/3 1624/2/3 1627/2/3
f 1628/4/3 1626/4/3 1625/4/3
f 1629/4/3 1626/4/3 1628/4/3
f 1632/3/3 1631/3/3 1630/3/3
f 1633/3/3 1631/3/3 1632/3/3
f 1636/3/3 1635/3/3 1634/3/3
f 1637/3/3 1635/3/3 1636/3/3
f 1639/3/3 1638/3/3 1637/3/3
f 1640/3/3 1638/3/3 1639/3/3
f 1643/3/3 1642/3/3 1641/3/3
f 1644/3/3 1642/3/3 1643/3/3
f 1647/3/3 1646/3/3 1645/3/3
f 1648/3/3 1646/3/3 1647/3/3
f 1651/8/3 1650/8/3 1649/8/3
f 1652/8/3 1650/8/3 1651/8/3
f 1655/8/3 1654/8/3 1653/8/3
f 1656/8/3 1654/8/3 1655/8/3
f 1659/3/3 1658/3/3 1657/3/3
f 1660/3/3 1658/3/3 1659/3/3
f 1664/3/3 1662/3/3 1661/3/3
f 1665/3/3 1662/3/3 1664/3/3
f 1666/3/3 1664/3/3 1663/3/3
f 1667/3/3 1664/3/3 1666/3/3
f 1673/5/3 1671/5/3 1670/5/3
f 1674/5/3 1671/5/3 1673/5/3
f 1675/5/3 1671/5/3 1674/5/3
f 1676/8/3 1672/8/3 1671/8/3
f 1676/5/3 1671/5/3 1675/5/3
f 1677/8/3 1672/8/3 1676/8/3
f 1678/8/3 1672/8/3 1677/8/3
f 1683/5/3 1680/5/3 1679/5/3
f 1684/5/3 1680/5/3 1683/5/3
f 1685/5/3 1682/5/3 1681/5/3
f 1686/5/3 1682/5/3 1685/5/3
f 1691/5/3 1688/5/3 1687/5/3
f 1692/5/3 1688/5/3 1691/5/3
f 1693/5/3 1690/5/3 1689/5/3
f 1694/5/3 1690/5/3 1693/5/3
f 1695/5/3 1669/5/3 1668/5/3
f 1696/5/3 1675/5/3 1674/5/3
f 1698/5/3 1695/5/3 1668/5/3
f 1698/5/3 1696/5/3 1695/5/3
f 1699/5/3 1696/5/3 1698/5/3
f 1700/2/3 1698/2/3 1697/2/3
f 1704/5/3 1701/5/3 1700/5/3
f 1705/5/3 1703/5/3 1702/5/3
f 1706/2/3 1700/2/3 1697/2/3
f 1706/5/3 1705/5/3 1704/5/3
f 1706/5/3 1704/5/3 1700/5/3
f 1707/5/3 1703/5/3 1705/5/3
f 1707/5/3 1705/5/3 1706/5/3
f 1708/2/3 1706/2/3 1697/2/3
f 1709/2/3 1706/2/3 1708/2/3
f 1710/5/3 1696/5/3 1699/5/3
f 1711/5/3 1710/5/3 1709/5/3
f 1712/5/3 1675/5/3 1696/5/3
f 1712/5/3 1710/5/3 1711/5/3
f 1712/5/3 1696/5/3 1710/5/3
f 1717/5/3 1714/5/3 1713/5/3
f 1718/5/3 1714/5/3 1717/5/3
f 1719/5/3 1716/5/3 1715/5/3
f 1720/5/3 1716/5/3 1719/5/3
f 1725/5/3 1722/5/3 1721/5/3
f 1726/5/3 1722/5/3 1725/5/3
f 1727/5/3 1724/5/3 1723/5/3
f 1728/5/3 1724/5/3 1727/5/3
f 1729/8/3 1676/8/3 1675/8/3
f 1729/8/3 1677/8/3 1676/8/3
f 1729/5/3 1675/5/3 1712/5/3
f 1730/8/3 1677/8/3 1729/8/3
f 1731/8/3 1677/8/3 1730/8/3
f 1732/5/3 1711/5/3 1709/5/3
f 1733/5/3 1711/5/3 1732/5/3
f 1734/5/3 1730/5/3 1729/5/3
f 1734/5/3 1729/5/3 1712/5/3
f 1735/5/3 1730/5/3 1734/5/3
f 1740/5/3 1737/5/3 1736/5/3
f 1744/8/3 1739/8/3 1738/8/3
f 1745/8/3 1739/8/3 1744/8/3
f 1746/5/3 1740/5/3 1736/5/3
f 1746/5/3 1741/5/3 1740/5/3
f 1747/5/3 1741/5/3 1746/5/3
f 1748/5/3 1743/5/3 1742/5/3
f 1749/5/3 1743/5/3 1748/5/3
f 1750/5/3 1746/5/3 1736/5/3
f 1751/5/3 1748/5/3 1747/5/3
f 1752/5/3 1748/5/3 1751/5/3
f 1753/5/3 1743/5/3 1749/5/3
f 1754/5/3 1750/5/3 1736/5/3
f 1754/5/3 1751/5/3 1750/5/3
f 1755/5/3 1751/5/3 1754/5/3
f 1756/5/3 1753/5/3 1752/5/3
f 1757/5/3 1743/5/3 1753/5/3
f 1757/5/3 1753/5/3 1756/5/3
f 1758/5/3 1754/5/3 1736/5/3
f 1759/5/3 1754/5/3 1758/5/3
f 1760/5/3 1756/5/3 1755/5/3
f 1761/5/3 1756/5/3 1760/5/3
f 1762/5/3 1743/5/3 1757/5/3
f 1763/5/3 1743/5/3 1762/5/3
f 1764/5/3 1760/5/3 1759/5/3
f 1765/5/3 1760/5/3 1764/5/3
f 1766/5/3 1762/5/3 1761/5/3
f 1767/5/3 1762/5/3 1766/5/3
f 1772/5/3 1769/5/3 1768/5/3
f 1773/5/3 1769/5/3 1772/5/3
f 1774/5/3 1769/5/3 1773/5/3
f 1775/5/3 1769/5/3 1774/5/3
f 1776/5/3 1769/5/3 1775/5/3
f 1777/5/3 1771/5/3 1770/5/3
f 1778/5/3 1775/5/3 1774/5/3
f 1779/5/3 1775/5/3 1778/5/3
f 1781/5/3 1771/5/3 1777/5/3
f 1782/5/3 1771/5/3 1781/5/3
f 1783/5/3 1781/5/3 1780/5/3
f 1784/5/3 1781/5/3 1783/5/3
f 1788/5/3 1786/5/3 1785/5/3
f 1789/5/3 1786/5/3 1788/5/3
f 1790/5/3 1786/5/3 1789/5/3
f 1791/5/3 1786/5/3 1790/5/3
f 1792/5/3 1788/5/3 1787/5/3
f 1793/5/3 1788/5/3 1792/5/3
f 1794/5/3 1790/5/3 1789/5/3
f 1795/5/3 1790/5/3 1794/5/3
f 1796/5/3 1786/5/3 1791/5/3
f 1798/5/3 1794/5/3 1793/5/3
f 1799/5/3 1794/5/3 1798/5/3
f 1800/5/3 1796/5/3 1795/5/3
f 1801/5/3 1786/5/3 1796/5/3
f 1801/5/3 1796/5/3 1800/5/3
f 1802/5/3 1798/5/3 1797/5/3
f 1803/5/3 1800/5/3 1799/5/3
f 1804/5/3 1800/5/3 1803/5/3
f 1805/5/3 1786/5/3 1801/5/3
f 1806/5/3 1786/5/3 1805/5/3
f 1807/5/3 1804/5/3 1803/5/3
f 1807/5/3 1802/5/3 1797/5/3
f 1807/5/3 1805/5/3 1804/5/3
f 1807/5/3 1803/5/3 1802/5/3
f 1808/5/3 1805/5/3 1807/5/3
f 1811/3/3 1810/3/3 1809/3/3
f 1812/3/3 1810/3/3 1811/3/3
f 1817/3/3 1814/3/3 1813/3/3
f 1818/3/3 1814/3/3 1817/3/3
f 1819/3/3 1816/3/3 1815/3/3
f 1820/3/3 1816/3/3 1819/3/3
f 1823/5/3 1822/5/3 1821/5/3
f 1824/5/3 1822/5/3 1823/5/3
f 1827/5/3 1826/5/3 1825/5/3
f 1828/5/3 1826/5/3 1827/5/3
f 1835/5/3 1830/5/3 1829/5/3
f 1836/5/3 1830/5/3 1835/5/3
f 1837/5/3 1832/5/3 1831/5/3
f 1838/5/3 1832/5/3 1837/5/3
f 1839/5/3 1834/5/3 1833/5/3
f 1840/5/3 1834/5/3 1839/5/3
f 1845/5/3 1842/5/3 1841/5/3
f 1846/5/3 1842/5/3 1845/5/3
f 1847/5/3 1844/5/3 1843/5/3
f 1848/5/3 1844/5/3 1847/5/3
f 1851/5/3 1850/5/3 1849/5/3
f 1852/5/3 1850/5/3 1851/5/3
f 1855/5/3 1854/5/3 1853/5/3
f 1856/5/3 1854/5/3 1855/5/3
f 1861/5/3 1858/5/3 1857/5/3
f 1862/5/3 1858/5/3 1861/5/3
f 1863/5/3 1860/5/3 1859/5/3
f 1864/5/3 1860/5/3 1863/5/3
f 1867/5/3 1866/5/3 1865/5/3
f 1868/5/3 1866/5/3 1867/5/3
f 1871/3/3 1870/3/3 1869/3/3
f 1872/3/3 1870/3/3 1871/3/3
f 1874/3/3 1872/3/3 1871/3/3
f 1874/3/3 1873/3/3 1872/3/3
f 1875/3/3 1873/3/3 1874/3/3
f 1878/3/3 1877/3/3 1876/3/3
f 1879/3/3 1877/3/3 1878/3/3
f 1884/3/3 1881/3/3 1880/3/3
f 1885/3/3 1881/3/3 1884/3/3
f 1886/3/3 1883/3/3 1882/3/3
f 1887/3/3 1883/3/3 1886/3/3
f 1890/3/3 1889/3/3 1888/3/3
f 1891/3/3 1889/3/3 1890/3/3
f 1894/3/3 1893/3/3 1892/3/3
f 1895/3/3 1893/3/3 1894/3/3
f 1898/3/3 1897/3/3 1896/3/3
f 1899/3/3 1897/3/3 1898/3/3
f 1900/3/3 1897/3/3 1899/3/3
f 1902/3/3 1901/3/3 1900/3/3
f 1902/3/3 1900/3/3 1899/3/3
f 1903/3/3 1901/3/3 1902/3/3
f 1906/3/3 1905/3/3 1904/3/3
f 1907/3/3 1905/3/3 1906/3/3
f 1910/3/3 1909/3/3 1908/3/3
f 1911/3/3 1909/3/3 1910/3/3
f 1916/3/3 1913/3/3 1912/3/3
f 1917/3/3 1913/3/3 1916/3/3
f 1918/3/3 1915/3/3 1914/3/3
f 1919/3/3 1915/3/3 1918/3/3
f 1922/3/3 1921/3/3 1920/3/3
f 1923/3/3 1921/3/3 1922/3/3
f 1926/3/3 1925/3/3 1924/3/3
f 1927/3/3 1925/3/3 1926/3/3
f 1928/3/3 1925/3/3 1927/3/3
f 1929/3/3 1925/3/3 1928/3/3
f 1930/3/3 1928/3/3 1927/3/3
f 1931/3/3 1928/3/3 1930/3/3
f 1934/8/3 1933/8/3 1932/8/3
f 1935/8/3 1933/8/3 1934/8/3
f 1938/3/3 1937/3/3 1936/3/3
f 1939/3/3 1937/3/3 1938/3/3
f 1942/3/3 1941/3/3 1940/3/3
f 1943/3/3 1941/3/3 1942/3/3
f 1946/3/3 1945/3/3 1944/3/3
f 1947/3/3 1945/3/3 1946/3/3
f 1950/3/3 1949/3/3 1948/3/3
f 1951/3/3 1949/3/3 1950/3/3
f 1954/3/3 1953/3/3 1952/3/3
f 1955/3/3 1953/3/3 1954/3/3
f 1958/3/3 1957/3/3 1956/3/3
f 1959/3/3 1957/3/3 1958/3/3
f 1962/3/3 1961/3/3 1960/3/3
f 1963/3/3 1961/3/3 1962/3/3
f 1966/3/3 1965/3/3 1964/3/3
f 1967/3/3 1965/3/3 1966/3/3
f 1970/3/3 1969/3/3 1968/3/3
f 1971/3/3 1969/3/3 1970/3/3
f 1974/3/3 1973/3/3 1972/3/3
f 1975/3/3 1973/3/3 1974/3/3
f 1976/3/3 1973/3/3 1975/3/3
f 1978/3/3 1977/3/3 1976/3/3
f 1978/3/3 1976/3/3 1975/3/3
f 1979/3/3 1977/3/3 1978/3/3
f 1984/3/3 1981/3/3 1980/3/3
f 1985/3/3 1981/3/3 1984/3/3
f 1987/3/3 1983/3/3 1982/3/3
f 1988/3/3 1983/3/3 1987/3/3
f 1989/3/3 1986/3/3 1985/3/3
f 1990/3/3 1986/3/3 1989/3/3
f 1993/3/3 1992/3/3 1991/3/3
f 1994/3/3 1992/3/3 1993/3/3
f 1996/3/3 1995/3/3 1994/3/3
f 1997/3/3 1995/3/3 1996/3/3
f 2001/3/3 1999/3/3 1998/3/3
f 2002/3/3 1999/3/3 2001/3/3
f 2003/3/3 2001/3/3 2000/3/3
f 2004/3/3 2001/3/3 2003/3/3
f 2011/3/3 2006/3/3 2005/3/3
f 2012/3/3 2006/3/3 2011/3/3
f 2013/3/3 2008/3/3 2007/3/3
f 2014/3/3 2008/3/3 2013/3/3
f 2015/3/3 2010/3/3 2009/3/3
f 2016/3/3 2010/3/3 2015/3/3
f 2020/3/3 2018/3/3 2017/3/3
f 2021/3/3 2018/3/3 2020/3/3
f 2024/3/3 2020/3/3 2019/3/3
f 2025/3/3 2020/3/3 2024/3/3
f 2026/3/3 2023/3/3 2022/3/3
f 2027/3/3 2023/3/3 2026/3/3
f 2032/3/3 2029/3/3 2028/3/3
f 2033/3/3 2029/3/3 2032/3/3
f 2034/3/3 2031/3/3 2030/3/3
f 2035/3/3 2031/3/3 2034/3/3
f 2040/3/3 2037/3/3 2036/3/3
f 2041/3/3 2037/3/3 2040/3/3
f 2042/3/3 2039/3/3 2038/3/3
f 2043/3/3 2039/3/3 2042/3/3
f 2044/3/3 2039/3/3 2043/3/3
f 2047/3/3 2046/3/3 2045/3/3
f 2048/3/3 2046/3/3 2047/3/3
f 2051/3/3 2050/3/3 2049/3/3
f 2052/3/3 2050/3/3 2051/3/3
f 2057/3/3 2054/3/3 2053/3/3
f 2058/3/3 2054/3/3 2057/3/3
f 2059/3/3 2056/3/3 2055/3/3
f 2060/3/3 2056/3/3 2059/3/3
f 2063/3/3 2062/3/3 2061/3/3
f 2064/3/3 2062/3/3 2063/3/3
f 2067/3/3 2066/3/3 2065/3/3
f 2068/3/3 2066/3/3 2067/3/3
f 2071/3/3 2070/3/3 2069/3/3
f 2072/3/3 2070/3/3 2071/3/3
f 2075/3/3 2074/3/3 2073/3/3
f 2076/3/3 2074/3/3 2075/3/3
f 2079/3/3 2078/3/3 2077/3/3
f 2080/3/3 2078/3/3 2079/3/3
f 2083/3/3 2082/3/3 2081/3/3
f 2084/3/3 2082/3/3 2083/3/3
f 2086/3/3 2085/3/3 2084/3/3
f 2087/3/3 2085/3/3 2086/3/3
f 2090/3/3 2089/3/3 2088/3/3
f 2091/3/3 2089/3/3 2090/3/3
f 2093/3/3 2092/3/3 2091/3/3
f 2094/3/3 2092/3/3 2093/3/3
f 2097/3/3 2096/3/3 2095/3/3
f 2098/3/3 2096/3/3 2097/3/3
f 2100/3/3 2099/3/3 2098/3/3
f 2101/3/3 2099/3/3 2100/3/3
f 2106/3/3 2103/3/3 2102/3/3
f 2107/3/3 2103/3/3 2106/3/3
f 2108/3/3 2105/3/3 2104/3/3
f 2109/3/3 2105/3/3 2108/3/3
f 2114/3/3 2111/3/3 2110/3/3
f 2115/3/3 2111/3/3 2114/3/3
f 2116/3/3 2113/3/3 2112/3/3
f 2117/3/3 2113/3/3 2116/3/3
f 2120/3/3 2119/3/3 2118/3/3
f 2121/3/3 2119/3/3 2120/3/3
f 2124/3/3 2123/3/3 2122/3/3
f 2125/3/3 2123/3/3 2124/3/3
f 2128/3/3 2127/3/3 2126/3/3
f 2129/3/3 2127/3/3 2128/3/3
f 2134/3/3 2131/3/3 2130/3/3
f 2135/3/3 2131/3/3 2134/3/3
f 2136/3/3 2133/3/3 2132/3/3
f 2137/3/3 2133/3/3 2136/3/3
f 2140/3/3 2139/3/3 2138/3/3
f 2141/3/3 2139/3/3 2140/3/3
f 2144/3/3 2143/3/3 2142/3/3
f 2145/3/3 2143/3/3 2144/3/3
f 2148/1/3 2147/1/3 2146/1/3
f 2149/1/3 2147/1/3 2148/1/3
f 2154/3/3 2151/3/3 2150/3/3
f 2155/3/3 2151/3/3 2154/3/3
f 2156/1/3 2153/1/3 2152/1/3
f 2157/1/3 2153/1/3 2156/1/3
f 2160/3/3 2159/3/3 2158/3/3
f 2161/3/3 2159/3/3 2160/3/3
f 2166/6/3 2163/6/3 2162/6/3
f 2167/6/3 2163/6/3 2166/6/3
f 2168/6/3 2165/6/3 2164/6/3
f 2169/6/3 2165/6/3 2168/6/3
f 2174/6/3 2171/6/3 2170/6/3
f 2175/6/3 2171/6/3 2174/6/3
f 2177/6/3 2173/6/3 2172/6/3
f 2178/6/3 2173/6/3 2177/6/3
f 2179/6/3 2177/6/3 2176/6/3
f 2180/6/3 2177/6/3 2179/6/3
f 2183/6/3 2182/6/3 2181/6/3
f 2184/6/3 2182/6/3 2183/6/3
f 2187/6/3 2186/6/3 2185/6/3
f 2188/6/3 2186/6/3 2187/6/3
f 2191/1/3 2190/1/3 2189/1/3
f 2192/1/3 2190/1/3 2191/1/3
f 2195/1/3 2194/1/3 2193/1/3
f 2196/1/3 2194/1/3 2195/1/3
f 2199/1/3 2198/1/3 2197/1/3
f 2200/1/3 2198/1/3 2199/1/3
f 2203/1/3 2202/1/3 2201/1/3
f 2204/1/3 2202/1/3 2203/1/3
f 2208/7/3 2206/7/3 2205/7/3
f 2209/7/3 2206/7/3 2208/7/3
f 2214/7/3 2208/7/3 2207/7/3
f 2214/7/3 2209/7/3 2208/7/3
f 2214/7/3 2210/7/3 2209/7/3
f 2215/7/3 2210/7/3 2214/7/3
f 2223/6/3 2212/6/3 2211/6/3
f 2224/6/3 2212/6/3 2223/6/3
f 2227/7/3 2222/7/3 2221/7/3
f 2228/7/3 2222/7/3 2227/7/3
f 2230/7/3 2214/7/3 2213/7/3
f 2230/7/3 2215/7/3 2214/7/3
f 2230/7/3 2216/7/3 2215/7/3
f 2231/7/3 2216/7/3 2230/7/3
f 2232/7/3 2216/7/3 2231/7/3
f 2233/7/3 2216/7/3 2232/7/3
f 2234/6/3 2220/6/3 2219/6/3
f 2235/6/3 2220/6/3 2234/6/3
f 2237/7/3 2218/7/3 2217/7/3
f 2238/7/3 2218/7/3 2237/7/3
f 2239/7/3 2232/7/3 2231/7/3
f 2240/7/3 2232/7/3 2239/7/3
f 2241/7/3 2232/7/3 2240/7/3
f 2242/7/3 2232/7/3 2241/7/3
f 2243/7/3 2241/7/3 2240/7/3
f 2244/7/3 2241/7/3 2243/7/3
f 2245/6/3 2236/6/3 2235/6/3
f 2246/6/3 2236/6/3 2245/6/3
f 2247/6/3 2225/6/3 2224/6/3
f 2248/6/3 2225/6/3 2247/6/3
f 2249/7/3 2229/7/3 2228/7/3
f 2249/7/3 2228/7/3 2227/7/3
f 2249/7/3 2227/7/3 2226/7/3
f 2250/7/3 2229/7/3 2249/7/3
f 2251/7/3 2229/7/3 2250/7/3
f 2252/7/3 2229/7/3 2251/7/3
f 2259/7/3 2251/7/3 2250/7/3
f 2260/7/3 2251/7/3 2259/7/3
f 2265/6/3 2255/6/3 2254/6/3
f 2265/6/3 2254/6/3 2253/6/3
f 2266/6/3 2255/6/3 2265/6/3
f 2267/6/3 2258/6/3 2257/6/3
f 2267/6/3 2257/6/3 2256/6/3
f 2268/6/3 2258/6/3 2267/6/3
f 2272/7/3 2262/7/3 2261/7/3
f 2273/7/3 2262/7/3 2272/7/3
f 2275/6/3 2264/6/3 2263/6/3
f 2276/6/3 2264/6/3 2275/6/3
f 2281/7/3 2270/7/3 2269/7/3
f 2282/7/3 2270/7/3 2281/7/3
f 2285/7/3 2274/7/3 2273/7/3
f 2285/7/3 2272/7/3 2271/7/3
f 2285/7/3 2273/7/3 2272/7/3
f 2286/7/3 2274/7/3 2285/7/3
f 2288/6/3 2277/6/3 2276/6/3
f 2289/6/3 2277/6/3 2288/6/3
f 2292/6/3 2279/6/3 2278/6/3
f 2293/6/3 2279/6/3 2292/6/3
f 2294/6/3 2290/6/3 2289/6/3
f 2295/6/3 2290/6/3 2294/6/3
f 2297/6/3 2292/6/3 2291/6/3
f 2298/6/3 2292/6/3 2297/6/3
f 2300/6/3 2299/6/3 2298/6/3
f 2301/6/3 2299/6/3 2300/6/3
f 2303/7/3 2283/7/3 2282/7/3
f 2303/7/3 2282/7/3 2281/7/3
f 2303/7/3 2281/7/3 2280/7/3
f 2304/7/3 2283/7/3 2303/7/3
f 2305/7/3 2283/7/3 2304/7/3
f 2306/7/3 2283/7/3 2305/7/3
f 2307/7/3 2287/7/3 2286/7/3
f 2307/7/3 2285/7/3 2284/7/3
f 2307/7/3 2286/7/3 2285/7/3
f 2308/7/3 2287/7/3 2307/7/3
f 2309/7/3 2287/7/3 2308/7/3
f 2310/7/3 2287/7/3 2309/7/3
f 2311/6/3 2296/6/3 2295/6/3
f 2312/7/3 2305/7/3 2304/7/3
f 2313/7/3 2305/7/3 2312/7/3
f 2314/7/3 2309/7/3 2308/7/3
f 2315/7/3 2309/7/3 2314/7/3
f 2316/7/3 2309/7/3 2315/7/3
f 2317/7/3 2309/7/3 2316/7/3
f 2318/6/3 2311/6/3 2295/6/3
f 2319/6/3 2302/6/3 2301/6/3
f 2320/6/3 2302/6/3 2319/6/3
f 2325/7/3 2316/7/3 2315/7/3
f 2326/7/3 2316/7/3 2325/7/3
f 2330/6/3 2318/6/3 2295/6/3
f 2331/6/3 2318/6/3 2330/6/3
f 2335/7/3 2324/7/3 2323/7/3
f 2336/7/3 2324/7/3 2335/7/3
f 2339/7/3 2328/7/3 2327/7/3
f 2340/7/3 2328/7/3 2339/7/3
f 2343/7/3 2337/7/3 2336/7/3
f 2343/7/3 2335/7/3 2334/7/3
f 2343/7/3 2336/7/3 2335/7/3
f 2344/7/3 2337/7/3 2343/7/3
f 2347/7/3 2341/7/3 2340/7/3
f 2347/7/3 2340/7/3 2339/7/3
f 2347/7/3 2339/7/3 2338/7/3
f 2348/7/3 2341/7/3 2347/7/3
f 2349/6/3 2330/6/3 2329/6/3
f 2350/6/3 2330/6/3 2349/6/3
f 2352/6/3 2333/6/3 2332/6/3
f 2353/6/3 2333/6/3 2352/6/3
f 2354/7/3 2322/7/3 2321/7/3
f 2355/7/3 2322/7/3 2354/7/3
f 2356/6/3 2352/6/3 2351/6/3
f 2357/6/3 2352/6/3 2356/6/3
f 2358/7/3 2345/7/3 2344/7/3
f 2358/7/3 2344/7/3 2343/7/3
f 2358/7/3 2343/7/3 2342/7/3
f 2359/7/3 2345/7/3 2358/7/3
f 2360/7/3 2345/7/3 2359/7/3
f 2361/7/3 2345/7/3 2360/7/3
f 2364/7/3 2348/7/3 2347/7/3
f 2364/7/3 2347/7/3 2346/7/3
f 2364/7/3 2349/7/3 2348/7/3
f 2365/7/3 2349/7/3 2364/7/3
f 2366/7/3 2349/7/3 2365/7/3
f 2367/7/3 2349/7/3 2366/7/3
f 2370/7/3 2360/7/3 2359/7/3
f 2371/7/3 2360/7/3 2370/7/3
f 2372/7/3 2360/7/3 2371/7/3
f 2373/7/3 2360/7/3 2372/7/3
f 2375/7/3 2363/7/3 2362/7/3
f 2376/7/3 2363/7/3 2375/7/3
f 2378/7/3 2366/7/3 2365/7/3
f 2379/7/3 2366/7/3 2378/7/3
f 2380/7/3 2366/7/3 2379/7/3
f 2381/7/3 2366/7/3 2380/7/3
f 2384/7/3 2372/7/3 2371/7/3
f 2385/7/3 2372/7/3 2384/7/3
f 2387/7/3 2377/7/3 2376/7/3
f 2387/7/3 2376/7/3 2375/7/3
f 2387/7/3 2375/7/3 2374/7/3
f 2388/7/3 2377/7/3 2387/7/3
f 2390/7/3 2380/7/3 2379/7/3
f 2391/7/3 2380/7/3 2390/7/3
f 2394/1/3 2383/1/3 2382/1/3
f 2395/1/3 2383/1/3 2394/1/3
f 2397/7/3 2369/7/3 2368/7/3
f 2398/7/3 2369/7/3 2397/7/3
f 2402/7/3 2388/7/3 2387/7/3
f 2402/7/3 2387/7/3 2386/7/3
f 2402/7/3 2389/7/3 2388/7/3
f 2403/7/3 2389/7/3 2402/7/3
f 2404/7/3 2389/7/3 2403/7/3
f 2405/7/3 2389/7/3 2404/7/3
f 2408/1/3 2400/1/3 2399/1/3
f 2409/1/3 2400/1/3 2408/1/3
f 2410/1/3 2396/1/3 2395/1/3
f 2411/1/3 2396/1/3 2410/1/3
f 2412/1/3 2393/1/3 2392/1/3
f 2413/1/3 2393/1/3 2412/1/3
f 2415/7/3 2404/7/3 2403/7/3
f 2416/7/3 2404/7/3 2415/7/3
f 2417/7/3 2404/7/3 2416/7/3
f 2418/7/3 2404/7/3 2417/7/3
f 2419/1/3 2407/1/3 2406/1/3
f 2420/1/3 2407/1/3 2419/1/3
f 2422/1/3 2411/1/3 2410/1/3
f 2422/1/3 2410/1/3 2409/1/3
f 2423/1/3 2411/1/3 2422/1/3
f 2424/1/3 2411/1/3 2423/1/3
f 2425/1/3 2414/1/3 2413/1/3
f 2428/7/3 2417/7/3 2416/7/3
f 2429/7/3 2417/7/3 2428/7/3
f 2432/1/3 2421/1/3 2420/1/3
f 2433/1/3 2421/1/3 2432/1/3
f 2434/1/3 2425/1/3 2424/1/3
f 2434/1/3 2424/1/3 2423/1/3
f 2436/7/3 2427/7/3 2426/7/3
f 2437/7/3 2427/7/3 2436/7/3
f 2439/7/3 2402/7/3 2401/7/3
f 2440/7/3 2402/7/3 2439/7/3
f 2441/1/3 2431/1/3 2430/1/3
f 2442/1/3 2431/1/3 2441/1/3
f 2444/1/3 2434/1/3 2433/1/3
f 2445/1/3 2434/1/3 2444/1/3
f 2446/1/3 2434/1/3 2445/1/3
f 2448/7/3 2438/7/3 2437/7/3
f 2448/7/3 2436/7/3 2435/7/3
f 2448/7/3 2437/7/3 2436/7/3
f 2449/7/3 2438/7/3 2448/7/3
f 2451/1/3 2443/1/3 2442/1/3
f 2452/1/3 2443/1/3 2451/1/3
f 2454/1/3 2434/1/3 2446/1/3
f 2458/1/3 2453/1/3 2452/1/3
f 2458/1/3 2454/1/3 2453/1/3
f 2459/1/3 2454/1/3 2458/1/3
f 2460/1/3 2454/1/3 2459/1/3
f 2462/7/3 2456/7/3 2455/7/3
f 2463/7/3 2456/7/3 2462/7/3
f 2466/1/3 2458/1/3 2457/1/3
f 2466/1/3 2459/1/3 2458/1/3
f 2467/1/3 2459/1/3 2466/1/3
f 2468/1/3 2454/1/3 2460/1/3
f 2470/7/3 2464/7/3 2463/7/3
f 2470/7/3 2463/7/3 2462/7/3
f 2470/7/3 2462/7/3 2461/7/3
f 2471/7/3 2464/7/3 2470/7/3
f 2473/1/3 2466/1/3 2465/1/3
f 2474/1/3 2466/1/3 2473/1/3
f 2475/1/3 2468/1/3 2467/1/3
f 2476/1/3 2454/1/3 2468/1/3
f 2476/1/3 2468/1/3 2475/1/3
f 2478/1/3 2475/1/3 2474/1/3
f 2479/1/3 2475/1/3 2478/1/3
f 2480/1/3 2454/1/3 2476/1/3
f 2481/7/3 2450/7/3 2449/7/3
f 2481/7/3 2448/7/3 2447/7/3
f 2481/7/3 2449/7/3 2448/7/3
f 2482/7/3 2450/7/3 2481/7/3
f 2483/7/3 2450/7/3 2482/7/3
f 2484/7/3 2450/7/3 2483/7/3
f 2485/1/3 2478/1/3 2477/1/3
f 2486/1/3 2478/1/3 2485/1/3
f 2487/1/3 2480/1/3 2479/1/3
f 2488/1/3 2454/1/3 2480/1/3
f 2488/1/3 2480/1/3 2487/1/3
f 2489/7/3 2483/7/3 2482/7/3
f 2490/7/3 2483/7/3 2489/7/3
f 2491/7/3 2483/7/3 2490/7/3
f 2492/7/3 2483/7/3 2491/7/3
f 2493/7/3 2472/7/3 2471/7/3
f 2493/7/3 2470/7/3 2469/7/3
f 2493/7/3 2471/7/3 2470/7/3
f 2494/7/3 2472/7/3 2493/7/3
f 2495/7/3 2472/7/3 2494/7/3
f 2496/7/3 2472/7/3 2495/7/3
f 2499/1/3 2454/1/3 2488/1/3
f 2502/7/3 2491/7/3 2490/7/3
f 2503/7/3 2491/7/3 2502/7/3
f 2504/7/3 2495/7/3 2494/7/3
f 2505/7/3 2495/7/3 2504/7/3
f 2506/7/3 2495/7/3 2505/7/3
f 2507/7/3 2495/7/3 2506/7/3
f 2510/1/3 2498/1/3 2497/1/3
f 2511/1/3 2498/1/3 2510/1/3
f 2512/3/3 2501/3/3 2500/3/3
f 2513/3/3 2501/3/3 2512/3/3
f 2514/7/3 2506/7/3 2505/7/3
f 2515/7/3 2506/7/3 2514/7/3
f 2516/1/3 2509/1/3 2508/1/3
f 2517/1/3 2509/1/3 2516/1/3
f 2518/1/3 2454/1/3 2499/1/3
f 2519/1/3 2414/1/3 2425/1/3
f 2519/1/3 2454/1/3 2518/1/3
f 2519/1/3 2425/1/3 2434/1/3
f 2519/1/3 2434/1/3 2454/1/3
f 2526/4/3 2521/4/3 2520/4/3
f 2527/4/3 2523/4/3 2522/4/3
f 2528/4/3 2523/4/3 2527/4/3
f 2529/4/3 2523/4/3 2528/4/3
f 2530/4/3 2525/4/3 2524/4/3
f 2531/4/3 2525/4/3 2530/4/3
f 2532/4/3 2525/4/3 2531/4/3
f 2533/4/3 2525/4/3 2532/4/3
f 2534/4/3 2527/4/3 2526/4/3
f 2534/4/3 2528/4/3 2527/4/3
f 2535/4/3 2528/4/3 2534/4/3
f 2536/4/3 2532/4/3 2531/4/3
f 2537/4/3 2532/4/3 2536/4/3
f 2538/4/3 2534/4/3 2526/4/3
f 2539/4/3 2534/4/3 2538/4/3
f 2540/4/3 2532/4/3 2537/4/3
f 2541/4/3 2532/4/3 2540/4/3
f 2542/4/3 2538/4/3 2526/4/3
f 2543/4/3 2538/4/3 2542/4/3
f 2544/4/3 2532/4/3 2541/4/3
f 2545/4/3 2525/4/3 2533/4/3
f 2546/4/3 2525/4/3 2545/4/3
f 2547/4/3 2542/4/3 2526/4/3
f 2548/4/3 2542/4/3 2547/4/3
f 2549/4/3 2538/4/3 2543/4/3
f 2550/4/3 2538/4/3 2549/4/3
f 2551/4/3 2534/4/3 2539/4/3
f 2554/4/3 2540/4/3 2537/4/3
f 2555/4/3 2540/4/3 2554/4/3
f 2556/4/3 2544/4/3 2541/4/3
f 2556/4/3 2545/4/3 2544/4/3
f 2557/4/3 2545/4/3 2556/4/3
f 2558/4/3 2538/4/3 2550/4/3
f 2559/4/3 2552/4/3 2551/4/3
f 2559/4/3 2551/4/3 2539/4/3
f 2560/4/3 2552/4/3 2559/4/3
f 2563/4/3 2555/4/3 2554/4/3
f 2563/4/3 2556/4/3 2555/4/3
f 2563/4/3 2554/4/3 2553/4/3
f 2564/4/3 2561/4/3 2560/4/3
f 2564/4/3 2560/4/3 2559/4/3
f 2564/4/3 2559/4/3 2558/4/3
f 2565/4/3 2563/4/3 2562/4/3
f 2566/4/3 2547/4/3 2526/4/3
f 2569/4/3 2564/4/3 2558/4/3
f 2569/4/3 2558/4/3 2550/4/3
f 2569/4/3 2565/4/3 2564/4/3
f 2570/4/3 2556/4/3 2563/4/3
f 2570/4/3 2563/4/3 2565/4/3
f 2570/4/3 2565/4/3 2569/4/3
f 2571/4/3 2556/4/3 2570/4/3
f 2572/4/3 2545/4/3 2557/4/3
f 2573/4/3 2545/4/3 2572/4/3
f 2574/4/3 2567/4/3 2566/4/3
f 2575/4/3 2569/4/3 2568/4/3
f 2575/4/3 2570/4/3 2569/4/3
f 2576/4/3 2570/4/3 2575/4/3
f 2577/4/3 2570/4/3 2576/4/3
f 2578/4/3 2570/4/3 2577/4/3
f 2579/4/3 2570/4/3 2578/4/3
f 2580/4/3 2572/4/3 2557/4/3
f 2581/4/3 2572/4/3 2580/4/3
f 2582/4/3 2572/4/3 2581/4/3
f 2583/4/3 2525/4/3 2546/4/3
f 2584/4/3 2574/4/3 2566/4/3
f 2584/4/3 2566/4/3 2526/4/3
f 2584/4/3 2575/4/3 2574/4/3
f 2584/4/3 2576/4/3 2575/4/3
f 2585/4/3 2576/4/3 2584/4/3
f 2586/4/3 2576/4/3 2585/4/3
f 2587/4/3 2576/4/3 2586/4/3
f 2588/4/3 2578/4/3 2577/4/3
f 2589/4/3 2578/4/3 2588/4/3
f 2590/4/3 2578/4/3 2589/4/3
f 2592/4/3 2580/4/3 2579/4/3
f 2592/4/3 2581/4/3 2580/4/3
f 2593/4/3 2581/4/3 2592/4/3
f 2594/4/3 2526/4/3 2520/4/3
f 2594/4/3 2584/4/3 2526/4/3
f 2595/4/3 2584/4/3 2594/4/3
f 2596/4/3 2586/4/3 2585/4/3
f 2597/4/3 2586/4/3 2596/4/3
f 2598/4/3 2586/4/3 2597/4/3
f 2599/4/3 2586/4/3 2598/4/3
f 2600/4/3 2591/4/3 2590/4/3
f 2600/4/3 2590/4/3 2589/4/3
f 2601/4/3 2591/4/3 2600/4/3
f 2602/4/3 2591/4/3 2601/4/3
f 2603/4/3 2592/4/3 2579/4/3
f 2604/4/3 2592/4/3 2603/4/3
f 2606/4/3 2583/4/3 2582/4/3
f 2607/4/3 2602/4/3 2601/4/3
f 2607/4/3 2603/4/3 2602/4/3
f 2608/4/3 2592/4/3 2604/4/3
f 2609/4/3 2592/4/3 2608/4/3
f 2610/4/3 2592/4/3 2609/4/3
f 2611/4/3 2606/4/3 2605/4/3
f 2612/4/3 2583/4/3 2606/4/3
f 2612/4/3 2606/4/3 2611/4/3
f 2613/4/3 2610/4/3 2609/4/3
f 2613/4/3 2611/4/3 2610/4/3
f 2614/4/3 2583/4/3 2612/4/3
f 2615/4/3 2583/4/3 2614/4/3
f 2616/4/3 2594/4/3 2520/4/3
f 2619/4/3 2598/4/3 2597/4/3
f 2620/4/3 2598/4/3 2619/4/3
f 2623/4/3 2607/4/3 2601/4/3
f 2623/4/3 2608/4/3 2607/4/3
f 2624/4/3 2613/4/3 2609/4/3
f 2624/4/3 2614/4/3 2613/4/3
f 2625/4/3 2614/4/3 2624/4/3
f 2626/4/3 2617/4/3 2616/4/3
f 2627/4/3 2621/4/3 2620/4/3
f 2627/4/3 2620/4/3 2619/4/3
f 2627/4/3 2619/4/3 2618/4/3
f 2628/4/3 2621/4/3 2627/4/3
f 2631/4/3 2623/4/3 2622/4/3
f 2633/4/3 2614/4/3 2625/4/3
f 2634/4/3 2614/4/3 2633/4/3
f 2635/4/3 2583/4/3 2615/4/3
f 2636/4/3 2525/4/3 2583/4/3
f 2636/4/3 2583/4/3 2635/4/3
f 2637/4/3 2626/4/3 2616/4/3
f 2637/4/3 2629/4/3 2628/4/3
f 2637/4/3 2616/4/3 2520/4/3
f 2637/4/3 2627/4/3 2626/4/3
f 2637/4/3 2628/4/3 2627/4/3
f 2638/4/3 2629/4/3 2637/4/3
f 2639/4/3 2629/4/3 2638/4/3
f 2640/4/3 2629/4/3 2639/4/3
f 2641/4/3 2629/4/3 2640/4/3
f 2642/4/3 2631/4/3 2630/4/3
f 2643/4/3 2608/4/3 2623/4/3
f 2643/4/3 2623/4/3 2631/4/3
f 2643/4/3 2631/4/3 2642/4/3
f 2644/4/3 2608/4/3 2643/4/3
f 2645/4/3 2608/4/3 2644/4/3
f 2646/4/3 2608/4/3 2645/4/3
f 2647/4/3 2635/4/3 2634/4/3
f 2647/4/3 2634/4/3 2633/4/3
f 2647/4/3 2633/4/3 2632/4/3
f 2648/4/3 2639/4/3 2638/4/3
f 2649/4/3 2639/4/3 2648/4/3
f 2650/4/3 2641/4/3 2640/4/3
f 2650/4/3 2642/4/3 2641/4/3
f 2650/4/3 2643/4/3 2642/4/3
f 2651/4/3 2643/4/3 2650/4/3
f 2652/4/3 2643/4/3 2651/4/3
f 2653/4/3 2643/4/3 2652/4/3
f 2654/4/3 2645/4/3 2644/4/3
f 2655/4/3 2645/4/3 2654/4/3
f 2656/4/3 2648/4/3 2638/4/3
f 2657/4/3 2648/4/3 2656/4/3
f 2658/4/3 2652/4/3 2651/4/3
f 2659/4/3 2652/4/3 2658/4/3
f 2660/4/3 2652/4/3 2659/4/3
f 2661/4/3 2652/4/3 2660/4/3
f 2662/4/3 2645/4/3 2655/4/3
f 2663/4/3 2645/4/3 2662/4/3
f 2664/4/3 2647/4/3 2646/4/3
f 2665/4/3 2635/4/3 2647/4/3
f 2665/4/3 2647/4/3 2664/4/3
f 2666/4/3 2635/4/3 2665/4/3
f 2667/4/3 2525/4/3 2636/4/3
f 2668/4/3 2637/4/3 2520/4/3
f 2669/4/3 2656/4/3 2638/4/3
f 2670/4/3 2665/4/3 2664/4/3
f 2670/4/3 2664/4/3 2663/4/3
f 2671/4/3 2667/4/3 2666/4/3
f 2672/4/3 2669/4/3 2668/4/3
f 2672/4/3 2656/4/3 2669/4/3
f 2675/4/3 2660/4/3 2659/4/3
f 2676/4/3 2660/4/3 2675/4/3
f 2677/4/3 2660/4/3 2676/4/3
f 2678/4/3 2660/4/3 2677/4/3
f 2681/4/3 2670/4/3 2663/4/3
f 2681/4/3 2671/4/3 2670/4/3
f 2682/4/3 2668/4/3 2520/4/3
f 2682/4/3 2673/4/3 2672/4/3
f 2682/4/3 2672/4/3 2668/4/3
f 2683/4/3 2673/4/3 2682/4/3
f 2684/4/3 2673/4/3 2683/4/3
f 2687/4/3 2675/4/3 2674/4/3
f 2687/4/3 2676/4/3 2675/4/3
f 2688/4/3 2676/4/3 2687/4/3
f 2689/4/3 2676/4/3 2688/4/3
f 2690/4/3 2679/4/3 2678/4/3
f 2690/4/3 2678/4/3 2677/4/3
f 2691/4/3 2679/4/3 2690/4/3
f 2692/4/3 2679/4/3 2691/4/3
f 2695/4/3 2681/4/3 2680/4/3
f 2696/4/3 2671/4/3 2681/4/3
f 2696/4/3 2681/4/3 2695/4/3
f 2697/4/3 2667/4/3 2671/4/3
f 2697/4/3 2671/4/3 2696/4/3
f 2698/4/3 2685/4/3 2684/4/3
f 2698/4/3 2684/4/3 2683/4/3
f 2699/4/3 2688/4/3 2687/4/3
f 2699/4/3 2687/4/3 2686/4/3
f 2700/4/3 2688/4/3 2699/4/3
f 2701/4/3 2688/4/3 2700/4/3
f 2702/4/3 2693/4/3 2692/4/3
f 2702/4/3 2692/4/3 2691/4/3
f 2703/4/3 2693/4/3 2702/4/3
f 2704/4/3 2693/4/3 2703/4/3
f 2705/4/3 2696/4/3 2695/4/3
f 2705/4/3 2695/4/3 2694/4/3
f 2706/4/3 2667/4/3 2697/4/3
f 2706/4/3 2525/4/3 2667/4/3
f 2707/4/3 2525/4/3 2706/4/3
f 2708/4/3 2705/4/3 2704/4/3
f 2708/4/3 2696/4/3 2705/4/3
f 2708/4/3 2704/4/3 2703/4/3
f 2709/4/3 2706/4/3 2697/4/3
f 2710/4/3 2706/4/3 2709/4/3
f 2711/4/3 2682/4/3 2520/4/3
f 2712/4/3 2698/4/3 2683/4/3
f 2712/4/3 2699/4/3 2698/4/3
f 2712/4/3 2700/4/3 2699/4/3
f 2713/4/3 2708/4/3 2703/4/3
f 2713/4/3 2709/4/3 2708/4/3
f 2714/4/3 2709/4/3 2713/4/3
f 2715/4/3 2712/4/3 2711/4/3
f 2715/4/3 2700/4/3 2712/4/3
f 2716/4/3 2700/4/3 2715/4/3
f 2719/4/3 2713/4/3 2703/4/3
f 2720/4/3 2713/4/3 2719/4/3
f 2721/4/3 2713/4/3 2720/4/3
f 2722/4/3 2713/4/3 2721/4/3
f 2723/4/3 2709/4/3 2714/4/3
f 2724/4/3 2709/4/3 2723/4/3
f 2725/4/3 2706/4/3 2710/4/3
f 2726/4/3 2706/4/3 2725/4/3
f 2727/4/3 2525/4/3 2707/4/3
f 2728/4/3 2525/4/3 2727/4/3
f 2729/4/3 2717/4/3 2716/4/3
f 2732/4/3 2719/4/3 2718/4/3
f 2732/4/3 2720/4/3 2719/4/3
f 2733/4/3 2720/4/3 2732/4/3
f 2734/4/3 2722/4/3 2721/4/3
f 2734/4/3 2723/4/3 2722/4/3
f 2735/4/3 2723/4/3 2734/4/3
f 2736/4/3 2723/4/3 2735/4/3
f 2738/4/3 2715/4/3 2711/4/3
f 2739/4/3 2715/4/3 2738/4/3
f 2740/4/3 2730/4/3 2729/4/3
f 2741/4/3 2733/4/3 2732/4/3
f 2741/4/3 2732/4/3 2731/4/3
f 2741/4/3 2734/4/3 2733/4/3
f 2742/4/3 2734/4/3 2741/4/3
f 2743/4/3 2734/4/3 2742/4/3
f 2744/4/3 2734/4/3 2743/4/3
f 2745/4/3 2737/4/3 2736/4/3
f 2745/4/3 2736/4/3 2735/4/3
f 2746/4/3 2737/4/3 2745/4/3
f 2747/4/3 2711/4/3 2520/4/3
f 2747/4/3 2738/4/3 2711/4/3
f 2748/4/3 2738/4/3 2747/4/3
f 2749/4/3 2715/4/3 2739/4/3
f 2750/4/3 2715/4/3 2749/4/3
f 2751/4/3 2715/4/3 2750/4/3
f 2752/4/3 2740/4/3 2729/4/3
f 2752/4/3 2729/4/3 2716/4/3
f 2752/4/3 2742/4/3 2741/4/3
f 2752/4/3 2741/4/3 2740/4/3
f 2753/4/3 2742/4/3 2752/4/3
f 2754/4/3 2744/4/3 2743/4/3
f 2754/4/3 2745/4/3 2744/4/3
f 2755/4/3 2745/4/3 2754/4/3
f 2756/4/3 2745/4/3 2755/4/3
f 2758/4/3 2747/4/3 2520/4/3
f 2759/4/3 2747/4/3 2758/4/3
f 2760/4/3 2751/4/3 2750/4/3
f 2760/4/3 2753/4/3 2752/4/3
f 2760/4/3 2752/4/3 2751/4/3
f 2760/4/3 2754/4/3 2753/4/3
f 2761/4/3 2754/4/3 2760/4/3
f 2762/4/3 2754/4/3 2761/4/3
f 2763/4/3 2757/4/3 2756/4/3
f 2763/4/3 2756/4/3 2755/4/3
f 2764/4/3 2757/4/3 2763/4/3
f 2765/4/3 2762/4/3 2761/4/3
f 2765/4/3 2763/4/3 2762/4/3
f 2766/4/3 2763/4/3 2765/4/3
f 2767/4/3 2763/4/3 2766/4/3
f 2768/4/3 2763/4/3 2767/4/3
f 2769/4/3 2765/4/3 2761/4/3
f 2770/4/3 2765/4/3 2769/4/3
f 2771/4/3 2767/4/3 2766/4/3
f 2772/4/3 2767/4/3 2771/4/3
f 2773/4/3 2767/4/3 2772/4/3
f 2774/4/3 2767/4/3 2773/4/3
f 2776/4/3 2769/4/3 2761/4/3
f 2777/4/3 2769/4/3 2776/4/3
f 2778/4/3 2773/4/3 2772/4/3
f 2779/4/3 2773/4/3 2778/4/3
f 2780/4/3 2773/4/3 2779/4/3
f 2781/4/3 2775/4/3 2774/4/3
f 2782/4/3 2775/4/3 2781/4/3
f 2783/4/3 2780/4/3 2779/4/3
f 2783/4/3 2781/4/3 2780/4/3
f 2784/4/3 2781/4/3 2783/4/3
f 2786/4/3 2758/4/3 2520/4/3
f 2789/4/3 2776/4/3 2761/4/3
f 2790/4/3 2783/4/3 2779/4/3
f 2791/4/3 2785/4/3 2784/4/3
f 2792/4/3 2787/4/3 2786/4/3
f 2795/4/3 2789/4/3 2788/4/3
f 2796/4/3 2776/4/3 2789/4/3
f 2796/4/3 2789/4/3 2795/4/3
f 2799/4/3 2790/4/3 2779/4/3
f 2799/4/3 2791/4/3 2790/4/3
f 2800/4/3 2785/4/3 2791/4/3
f 2800/4/3 2791/4/3 2799/4/3
f 2801/4/3 2785/4/3 2800/4/3
f 2803/4/3 2793/4/3 2792/4/3
f 2803/4/3 2786/4/3 2520/4/3
f 2803/4/3 2792/4/3 2786/4/3
f 2804/4/3 2793/4/3 2803/4/3
f 2805/4/3 2793/4/3 2804/4/3
f 2806/4/3 2797/4/3 2796/4/3
f 2806/4/3 2796/4/3 2795/4/3
f 2806/4/3 2795/4/3 2794/4/3
f 2807/4/3 2797/4/3 2806/4/3
f 2810/4/3 2800/4/3 2799/4/3
f 2810/4/3 2799/4/3 2798/4/3
f 2811/4/3 2800/4/3 2810/4/3
f 2812/4/3 2800/4/3 2811/4/3
f 2813/4/3 2802/4/3 2801/4/3
f 2814/4/3 2805/4/3 2804/4/3
f 2814/4/3 2808/4/3 2807/4/3
f 2814/4/3 2807/4/3 2806/4/3
f 2814/4/3 2806/4/3 2805/4/3
f 2815/4/3 2808/4/3 2814/4/3
f 2816/4/3 2811/4/3 2810/4/3
f 2816/4/3 2810/4/3 2809/4/3
f 2817/4/3 2811/4/3 2816/4/3
f 2818/4/3 2813/4/3 2812/4/3
f 2819/4/3 2802/4/3 2813/4/3
f 2819/4/3 2813/4/3 2818/4/3
f 2820/3/4 2821/3/4 2822/3/4
f 2820/3/4 2822/3/4 2824/3/4
f 2822/3/4 2823/3/4 2824/3/4
f 2824/3/4 2823/3/4 2825/3/4
f 2826/3/4 2827/3/4 2828/3/4
f 2828/3/4 2827/3/4 2829/3/4
f 2830/3/4 2831/3/4 2834/3/4
f 2834/3/4 2831/3/4 2835/3/4
f 2832/3/4 2833/3/4 2836/3/4
f 2836/3/4 2833/3/4 2837/3/4
f 2838/3/4 2839/3/4 2840/3/4
f 2840/3/4 2839/3/4 2841/3/4
f 2840/3/4 2841/3/4 2842/3/4
f 2842/3/4 2841/3/4 2843/3/4
f 2844/3/4 2845/3/4 2847/3/4
f 2847/3/4 2845/3/4 2848/3/4
f 2846/3/4 2847/3/4 2849/3/4
f 2849/3/4 2847/3/4 2850/3/4
f 2851/3/4 2852/3/4 2853/3/4
f 2853/3/4 2852/3/4 2854/3/4
f 2855/3/4 2856/3/4 2857/3/4
f 2857/3/4 2856/3/4 2858/3/4
f 2859/3/4 2860/3/4 2861/3/4
f 2861/3/4 2860/3/4 2862/3/4
f 2862/3/4 2860/3/4 2863/3/4
f 2863/3/4 2860/3/4 2864/3/4
f 2862/3/4 2863/3/4 2865/3/4
f 2865/3/4 2863/3/4 2866/3/4
f 2869/5/4 2870/5/4 2871/5/4
f 2871/5/4 2870/5/4 2872/5/4
f 2867/8/4 2868/8/4 2873/8/4
f 2873/8/4 2868/8/4 2874/8/4
f 2875/3/4 2876/3/4 2877/3/4
f 2877/3/4 2876/3/4 2878/3/4
f 2879/8/4 2880/8/4 2881/8/4
f 2881/8/4 2880/8/4 2882/8/4
f 2883/3/4 2884/3/4 2885/3/4
f 2885/3/4 2884/3/4 2886/3/4
f 2887/3/4 2888/3/4 2891/3/4
f 2891/3/4 2888/3/4 2892/3/4
f 2889/3/4 2890/3/4 2893/3/4
f 2893/3/4 2890/3/4 2894/3/4
f 2895/3/4 2896/3/4 2897/3/4
f 2897/3/4 2896/3/4 2898/3/4
f 2898/3/4 2899/3/4 2900/3/4
f 2900/3/4 2899/3/4 2901/3/4
f 2902/3/4 2903/3/4 2904/3/4
f 2904/3/4 2903/3/4 2905/3/4
f 2906/3/4 2907/3/4 2909/3/4
f 2909/3/4 2907/3/4 2910/3/4
f 2909/3/4 2910/3/4 2912/3/4
f 2910/3/4 2911/3/4 2912/3/4
f 2908/3/4 2909/3/4 2912/3/4
f 2912/3/4 2911/3/4 2913/3/4
f 2914/3/4 2915/3/4 2916/3/4
f 2916/3/4 2915/3/4 2917/3/4
f 2918/3/4 2919/3/4 2921/3/4
f 2921/3/4 2919/3/4 2922/3/4
f 2920/3/4 2921/3/4 2923/3/4
f 2923/3/4 2921/3/4 2924/3/4
f 2925/3/4 2926/3/4 2927/3/4
f 2927/3/4 2926/3/4 2928/3/4
f 2929/3/4 2930/3/4 2933/3/4
f 2933/3/4 2930/3/4 2934/3/4
f 2931/3/4 2932/3/4 2935/3/4
f 2935/3/4 2932/3/4 2936/3/4
f 2937/8/4 2938/8/4 2939/8/4
f 2939/8/4 2938/8/4 2940/8/4
f 2941/3/4 2942/3/4 2944/3/4
f 2943/3/4 2944/3/4 2945/3/4
f 2944/3/4 2942/3/4 2946/3/4
f 2945/3/4 2944/3/4 2946/3/4
f 2947/3/4 2948/3/4 2949/3/4
f 2949/3/4 2948/3/4 2950/3/4
f 2951/3/4 2952/3/4 2953/3/4
f 2953/3/4 2952/3/4 2954/3/4
f 2955/3/4 2956/3/4 2957/3/4
f 2957/3/4 2956/3/4 2958/3/4
f 2957/3/4 2958/3/4 2960/3/4
f 2958/3/4 2959/3/4 2960/3/4
f 2960/3/4 2959/3/4 2961/3/4
f 2962/3/4 2963/3/4 2964/3/4
f 2964/3/4 2963/3/4 2965/3/4
f 2965/3/4 2963/3/4 2966/3/4
f 2964/3/4 2965/3/4 2967/3/4
f 2967/3/4 2965/3/4 2968/3/4
f 2969/3/4 2970/3/4 2971/3/4
f 2971/3/4 2970/3/4 2972/3/4
f 2973/3/4 2974/3/4 2976/3/4
f 2976/3/4 2974/3/4 2977/3/4
f 2975/3/4 2976/3/4 2978/3/4
f 2978/3/4 2976/3/4 2979/3/4
f 2980/3/4 2981/3/4 2984/3/4
f 2984/3/4 2981/3/4 2985/3/4
f 2982/3/4 2983/3/4 2986/3/4
f 2986/3/4 2983/3/4 2987/3/4
f 2988/3/4 2989/3/4 2990/3/4
f 2990/3/4 2989/3/4 2991/3/4
f 2992/3/4 2993/3/4 2994/3/4
f 2994/3/4 2993/3/4 2995/3/4
f 2996/3/4 2997/3/4 3000/3/4
f 3000/3/4 2997/3/4 3001/3/4
f 2998/3/4 2999/3/4 3002/3/4
f 3002/3/4 2999/3/4 3003/3/4
f 3004/3/4 3005/3/4 3007/3/4
f 3006/3/4 3007/3/4 3008/3/4
f 3007/3/4 3005/3/4 3009/3/4
f 3008/3/4 3007/3/4 3009/3/4
f 3010/3/4 3011/3/4 3012/3/4
f 3012/3/4 3011/3/4 3013/3/4
f 3014/3/4 3015/3/4 3016/3/4
f 3016/3/4 3015/3/4 3017/3/4
f 3016/3/4 3017/3/4 3018/3/4
f 3018/3/4 3017/3/4 3019/3/4
f 3020/3/4 3021/3/4 3024/3/4
f 3022/3/4 3023/3/4 3025/3/4
f 3025/3/4 3023/3/4 3026/3/4
f 3020/3/4 3024/3/4 3027/3/4
f 3027/3/4 3024/3/4 3028/3/4
f 3025/3/4 3026/3/4 3029/3/4
f 3029/3/4 3026/3/4 3030/3/4
f 3031/3/4 3032/3/4 3033/3/4
f 3033/3/4 3032/3/4 3034/3/4
f 3035/3/4 3036/3/4 3037/3/4
f 3037/3/4 3036/3/4 3038/3/4
f 3038/3/4 3039/3/4 3040/3/4
f 3040/3/4 3039/3/4 3041/3/4
f 3042/3/4 3043/3/4 3046/3/4
f 3046/3/4 3043/3/4 3047/3/4
f 3044/3/4 3045/3/4 3048/3/4
f 3048/3/4 3045/3/4 3049/3/4
f 3050/3/4 3051/3/4 3055/3/4
f 3055/3/4 3051/3/4 3056/3/4
f 3052/3/4 3053/3/4 3057/3/4
f 3057/3/4 3053/3/4 3058/3/4
f 3058/3/4 3053/3/4 3059/3/4
f 3055/3/4 3056/3/4 3060/3/4
f 3054/3/4 3055/3/4 3060/3/4
f 3057/3/4 3058/3/4 3060/3/4
f 3056/3/4 3057/3/4 3060/3/4
f 3060/3/4 3058/3/4 3061/3/4
f 3062/3/4 3063/3/4 3064/3/4
f 3064/3/4 3063/3/4 3065/3/4
f 3066/3/4 3067/3/4 3068/3/4
f 3068/3/4 3067/3/4 3069/3/4
f 3070/5/4 3071/5/4 3073/5/4
f 3071/8/4 3072/8/4 3074/8/4
f 3073/5/4 3071/5/4 3074/5/4
f 3074/8/4 3072/8/4 3075/8/4
f 3070/5/4 3073/5/4 3076/5/4
f 3073/8/4 3074/8/4 3076/8/4
f 3076/8/4 3074/8/4 3077/8/4
f 3070/5/4 3076/5/4 3079/5/4
f 3076/5/4 3077/5/4 3079/5/4
f 3077/8/4 3078/8/4 3080/8/4
f 3079/5/4 3077/5/4 3080/5/4
f 3080/8/4 3078/8/4 3081/8/4
f 3082/3/4 3083/3/4 3086/3/4
f 3086/3/4 3083/3/4 3087/3/4
f 3084/3/4 3085/3/4 3088/3/4
f 3088/3/4 3085/3/4 3089/3/4
f 3090/3/4 3091/3/4 3094/3/4
f 3094/3/4 3091/3/4 3095/3/4
f 3092/3/4 3093/3/4 3096/3/4
f 3096/3/4 3093/3/4 3097/3/4
f 3098/3/4 3099/3/4 3100/3/4
f 3100/3/4 3099/3/4 3101/3/4
f 3102/3/4 3103/3/4 3104/3/4
f 3104/3/4 3103/3/4 3105/3/4
f 3106/3/4 3107/3/4 3109/3/4
f 3109/3/4 3107/3/4 3110/3/4
f 3108/3/4 3109/3/4 3111/3/4
f 3111/3/4 3109/3/4 3112/3/4
f 3113/3/4 3114/3/4 3115/3/4
f 3115/3/4 3114/3/4 3116/3/4
f 3117/3/4 3118/3/4 3120/3/4
f 3120/3/4 3118/3/4 3121/3/4
f 3119/3/4 3120/3/4 3122/3/4
f 3122/3/4 3120/3/4 3123/3/4
f 3124/3/4 3125/3/4 3128/3/4
f 3128/3/4 3125/3/4 3129/3/4
f 3126/3/4 3127/3/4 3130/3/4
f 3130/3/4 3127/3/4 3131/3/4
f 3132/3/4 3133/3/4 3135/3/4
f 3134/3/4 3135/3/4 3136/3/4
f 3135/3/4 3133/3/4 3137/3/4
f 3136/3/4 3135/3/4 3137/3/4
f 3138/3/4 3139/3/4 3140/3/4
f 3140/3/4 3139/3/4 3141/3/4
f 3142/3/4 3143/3/4 3144/3/4
f 3144/3/4 3143/3/4 3145/3/4
f 3144/3/4 3145/3/4 3147/3/4
f 3145/3/4 3146/3/4 3147/3/4
f 3147/3/4 3146/3/4 3148/3/4
f 3149/3/4 3150/3/4 3151/3/4
f 3151/3/4 3150/3/4 3152/3/4
f 3153/3/4 3154/3/4 3157/3/4
f 3157/3/4 3154/3/4 3158/3/4
f 3155/3/4 3156/3/4 3159/3/4
f 3159/3/4 3156/3/4 3160/3/4
f 3161/3/4 3162/3/4 3163/3/4
f 3163/3/4 3162/3/4 3164/3/4
f 3165/3/4 3166/3/4 3167/3/4
f 3167/3/4 3166/3/4 3168/3/4
f 3169/3/4 3170/3/4 3171/3/4
f 3171/3/4 3170/3/4 3172/3/4
f 3173/3/4 3174/3/4 3175/3/4
f 3175/3/4 3174/3/4 3176/3/4
f 3177/3/4 3178/3/4 3179/3/4
f 3179/3/4 3178/3/4 3180/3/4
f 3181/3/4 3182/3/4 3183/3/4
f 3183/3/4 3182/3/4 3184/3/4
f 3185/3/4 3186/3/4 3187/3/4
f 3187/3/4 3186/3/4 3188/3/4
f 3189/3/4 3190/3/4 3191/3/4
f 3191/3/4 3190/3/4 3192/3/4
f 3193/3/4 3194/3/4 3195/3/4
f 3195/3/4 3194/3/4 3196/3/4
f 3197/2/4 3198/2/4 3200/2/4
f 3198/4/4 3199/4/4 3201/4/4
f 3200/2/4 3198/2/4 3201/2/4
f 3201/4/4 3199/4/4 3202/4/4
f 3207/2/5 3204/2/5 3203/2/5
f 3208/2/5 3206/2/5 3205/2/5
f 3209/2/5 3207/2/5 3203/2/5
f 3209/2/5 3208/2/5 3207/2/5
f 3210/2/5 3206/2/5 3208/2/5
f 3210/2/5 3208/2/5 3209/2/5
f 3215/3/5 3212/3/5 3211/3/5
f 3216/3/5 3212/3/5 3215/3/5
f 3217/3/5 3214/3/5 3213/3/5
f 3218/3/5 3214/3/5 3217/3/5
f 3223/3/5 3220/3/5 3219/3/5
f 3224/3/5 3220/3/5 3223/3/5
f 3225/3/5 3222/3/5 3221/3/5
f 3226/3/5 3222/3/5 3225/3/5
f 3229/3/5 3228/3/5 3227/3/5
f 3230/3/5 3228/3/5 3229/3/5
f 3233/3/5 3231/3/5 3230/3/5
f 3234/3/5 3231/3/5 3233/3/5
f 3234/3/5 3233/3/5 3232/3/5
f 3235/3/5 3231/3/5 3234/3/5
f 3239/3/5 3237/3/5 3236/3/5
f 3240/3/5 3234/3/5 3232/3/5
f 3241/3/5 3234/3/5 3240/3/5
f 3242/3/5 3239/3/5 3238/3/5
f 3243/3/5 3237/3/5 3239/3/5
f 3243/3/5 3239/3/5 3242/3/5
f 3244/3/5 3237/3/5 3243/3/5
f 3247/3/5 3246/3/5 3245/3/5
f 3248/3/5 3246/3/5 3247/3/5
f 3253/3/5 3250/3/5 3249/3/5
f 3254/3/5 3250/3/5 3253/3/5
f 3256/3/5 3252/3/5 3251/3/5
f 3257/3/5 3252/3/5 3256/3/5
f 3259/3/5 3255/3/5 3254/3/5
f 3260/3/5 3259/3/5 3258/3/5
f 3261/3/5 3255/3/5 3259/3/5
f 3261/3/5 3259/3/5 3260/3/5
f 3266/3/5 3263/3/5 3262/3/5
f 3267/3/5 3263/3/5 3266/3/5
f 3268/3/5 3265/3/5 3264/3/5
f 3269/3/5 3265/3/5 3268/3/5
f 3274/3/5 3271/3/5 3270/3/5
f 3275/3/5 3271/3/5 3274/3/5
f 3276/3/5 3273/3/5 3272/3/5
f 3277/3/5 3273/3/5 3276/3/5
f 3280/3/5 3279/3/5 3278/3/5
f 3281/3/5 3279/3/5 3280/3/5
f 3284/3/5 3283/3/5 3282/3/5
f 3285/3/5 3283/3/5 3284/3/5
f 3288/3/5 3287/3/5 3286/3/5
f 3289/3/5 3287/3/5 3288/3/5
f 3295/3/5 3291/3/5 3290/3/5
f 3296/3/5 3291/3/5 3295/3/5
f 3297/3/5 3293/3/5 3292/3/5
f 3298/3/5 3293/3/5 3297/3/5
f 3299/3/5 3295/3/5 3294/3/5
f 3300/3/5 3295/3/5 3299/3/5
f 3303/3/5 3302/3/5 3301/3/5
f 3304/3/5 3302/3/5 3303/3/5
f 3306/3/5 3305/3/5 3304/3/5
f 3307/3/5 3305/3/5 3306/3/5
f 3310/3/5 3309/3/5 3308/3/5
f 3311/3/5 3309/3/5 3310/3/5
f 3312/3/5 3309/3/5 3311/3/5
f 3315/3/5 3314/3/5 3313/3/5
f 3316/3/5 3314/3/5 3315/3/5
f 3319/3/5 3318/3/5 3317/3/5
f 3320/3/5 3318/3/5 3319/3/5
f 3323/3/5 3322/3/5 3321/3/5
f 3324/3/5 3322/3/5 3323/3/5
f 3327/3/5 3326/3/5 3325/3/5
f 3328/3/5 3326/3/5 3327/3/5
f 3331/3/5 3330/3/5 3329/3/5
f 3332/3/5 3330/3/5 3331/3/5
f 3335/3/5 3334/3/5 3333/3/5
f 3336/3/5 3334/3/5 3335/3/5
f 3339/3/5 3338/3/5 3337/3/5
f 3340/3/5 3338/3/5 3339/3/5
f 3343/3/5 3342/3/5 3341/3/5
f 3344/3/5 3342/3/5 3343/3/5
f 3347/3/5 3346/3/5 3345/3/5
f 3348/3/5 3346/3/5 3347/3/5
f 3353/3/5 3350/3/5 3349/3/5
f 3354/3/5 3350/3/5 3353/3/5
f 3355/3/5 3352/3/5 3351/3/5
f 3356/3/5 3352/3/5 3355/3/5
f 3359/3/5 3358/3/5 3357/3/5
f 3360/3/5 3358/3/5 3359/3/5
f 3364/3/5 3362/3/5 3361/3/5
f 3364/3/5 3363/3/5 3362/3/5
f 3365/3/5 3363/3/5 3364/3/5
f 3366/3/5 3363/3/5 3365/3/5
f 3369/7/5 3368/7/5 3367/7/5
f 3370/7/5 3368/7/5 3369/7/5
f 3373/3/5 3372/3/5 3371/3/5
f 3374/3/5 3372/3/5 3373/3/5
f 3377/5/5 3376/5/5 3375/5/5
f 3378/5/5 3376/5/5 3377/5/5
f 3381/3/5 3380/3/5 3379/3/5
f 3382/3/5 3380/3/5 3381/3/5
f 3385/3/5 3384/3/5 3383/3/5
f 3386/3/5 3384/3/5 3385/3/5
f 3391/3/5 3388/3/5 3387/3/5
f 3392/3/5 3388/3/5 3391/3/5
f 3393/3/5 3388/3/5 3392/3/5
f 3394/3/5 3390/3/5 3389/3/5
f 3395/3/5 3390/3/5 3394/3/5
f 3398/3/5 3397/3/5 3396/3/5
f 3399/3/5 3397/3/5 3398/3/5
f 3402/3/5 3401/3/5 3400/3/5
f 3403/3/5 3401/3/5 3402/3/5
f 3416/3/5 3405/3/5 3404/3/5
f 3417/3/5 3405/3/5 3416/3/5
f 3418/7/5 3407/7/5 3406/7/5
f 3419/7/5 3407/7/5 3418/7/5
f 3420/7/5 3409/7/5 3408/7/5
f 3421/7/5 3409/7/5 3420/7/5
f 3422/7/5 3411/7/5 3410/7/5
f 3423/7/5 3411/7/5 3422/7/5
f 3424/7/5 3413/7/5 3412/7/5
f 3425/7/5 3413/7/5 3424/7/5
f 3426/7/5 3415/7/5 3414/7/5
f 3427/7/5 3415/7/5 3426/7/5
f 3430/3/5 3429/3/5 3428/3/5
f 3431/3/5 3429/3/5 3430/3/5
f 3434/3/5 3433/3/5 3432/3/5
f 3435/3/5 3433/3/5 3434/3/5
f 3439/3/5 3437/3/5 3436/3/5
f 3439/3/5 3438/3/5 3437/3/5
f 3440/3/5 3438/3/5 3439/3/5
f 3441/3/5 3438/3/5 3440/3/5
f 3446/3/5 3443/3/5 3442/3/5
f 3447/3/5 3443/3/5 3446/3/5
f 3448/3/5 3445/3/5 3444/3/5
f 3449/3/5 3445/3/5 3448/3/5
f 3452/3/5 3451/3/5 3450/3/5
f 3453/3/5 3451/3/5 3452/3/5
f 3462/7/5 3455/7/5 3454/7/5
f 3463/7/5 3455/7/5 3462/7/5
f 3464/7/5 3457/7/5 3456/7/5
f 3465/7/5 3457/7/5 3464/7/5
f 3466/7/5 3459/7/5 3458/7/5
f 3467/7/5 3459/7/5 3466/7/5
f 3468/7/5 3461/7/5 3460/7/5
f 3469/7/5 3461/7/5 3468/7/5
f 3472/5/5 3471/5/5 3470/5/5
f 3473/5/5 3471/5/5 3472/5/5
f 3476/3/5 3475/3/5 3474/3/5
f 3477/3/5 3475/3/5 3476/3/5
f 3480/3/5 3479/3/5 3478/3/5
f 3481/3/5 3479/3/5 3480/3/5
f 3484/7/5 3483/7/5 3482/7/5
f 3485/7/5 3483/7/5 3484/7/5
f 3492/5/5 3487/5/5 3486/5/5
f 3493/5/5 3487/5/5 3492/5/5
f 3494/5/5 3489/5/5 3488/5/5
f 3495/5/5 3489/5/5 3494/5/5
f 3496/5/5 3491/5/5 3490/5/5
f 3497/5/5 3491/5/5 3496/5/5
f 3499/5/5 3498/5/5 3497/5/5
f 3500/5/5 3498/5/5 3499/5/5
f 3505/7/5 3502/7/5 3501/7/5
f 3506/7/5 3502/7/5 3505/7/5
f 3507/7/5 3504/7/5 3503/7/5
f 3508/7/5 3504/7/5 3507/7/5
f 3516/5/5 3510/5/5 3509/5/5
f 3517/5/5 3510/5/5 3516/5/5
f 3518/5/5 3512/5/5 3511/5/5
f 3519/5/5 3512/5/5 3518/5/5
f 3520/5/5 3514/5/5 3513/5/5
f 3521/5/5 3514/5/5 3520/5/5
f 3522/5/5 3516/5/5 3515/5/5
f 3523/5/5 3516/5/5 3522/5/5
f 3524/5/5 3518/5/5 3517/5/5
f 3525/5/5 3518/5/5 3524/5/5
f 3528/5/5 3527/5/5 3526/5/5
f 3529/5/5 3527/5/5 3528/5/5
f 3530/5/5 3527/5/5 3529/5/5
f 3531/5/5 3527/5/5 3530/5/5
f 3534/7/5 3533/7/5 3532/7/5
f 3535/7/5 3533/7/5 3534/7/5
f 3545/5/5 3537/5/5 3536/5/5
f 3546/5/5 3537/5/5 3545/5/5
f 3547/5/5 3539/5/5 3538/5/5
f 3548/5/5 3539/5/5 3547/5/5
f 3550/5/5 3541/5/5 3540/5/5
f 3551/5/5 3541/5/5 3550/5/5
f 3552/5/5 3543/5/5 3542/5/5
f 3553/5/5 3543/5/5 3552/5/5
f 3554/5/5 3545/5/5 3544/5/5
f 3555/5/5 3545/5/5 3554/5/5
f 3556/5/5 3547/5/5 3546/5/5
f 3557/5/5 3547/5/5 3556/5/5
f 3558/5/5 3549/5/5 3548/5/5
f 3559/5/5 3549/5/5 3558/5/5
f 3560/5/5 3552/5/5 3551/5/5
f 3561/5/5 3552/5/5 3560/5/5
f 3566/7/5 3563/7/5 3562/7/5
f 3567/7/5 3563/7/5 3566/7/5
f 3568/7/5 3565/7/5 3564/7/5
f 3569/7/5 3565/7/5 3568/7/5
f 3574/7/5 3571/7/5 3570/7/5
f 3575/7/5 3571/7/5 3574/7/5
f 3576/7/5 3573/7/5 3572/7/5
f 3577/7/5 3573/7/5 3576/7/5
f 3582/5/5 3579/5/5 3578/5/5
f 3583/5/5 3579/5/5 3582/5/5
f 3584/5/5 3581/5/5 3580/5/5
f 3585/5/5 3581/5/5 3584/5/5
f 3586/5/5 3579/5/5 3583/5/5
f 3587/5/5 3579/5/5 3586/5/5
f 3588/5/5 3581/5/5 3585/5/5
f 3589/5/5 3581/5/5 3588/5/5
f 3592/7/5 3591/7/5 3590/7/5
f 3593/7/5 3591/7/5 3592/7/5
f 3596/7/5 3595/7/5 3594/7/5
f 3597/7/5 3595/7/5 3596/7/5
f 3600/8/5 3599/8/5 3598/8/5
f 3601/8/5 3599/8/5 3600/8/5
f 3608/7/5 3603/7/5 3602/7/5
f 3609/7/5 3603/7/5 3608/7/5
f 3610/7/5 3605/7/5 3604/7/5
f 3611/7/5 3605/7/5 3610/7/5
f 3612/7/5 3607/7/5 3606/7/5
f 3613/7/5 3607/7/5 3612/7/5
f 3622/7/5 3615/7/5 3614/7/5
f 3623/7/5 3615/7/5 3622/7/5
f 3624/7/5 3617/7/5 3616/7/5
f 3625/7/5 3617/7/5 3624/7/5
f 3626/7/5 3619/7/5 3618/7/5
f 3627/7/5 3619/7/5 3626/7/5
f 3628/7/5 3621/7/5 3620/7/5
f 3629/7/5 3621/7/5 3628/7/5
f 3632/8/5 3631/8/5 3630/8/5
f 3633/8/5 3631/8/5 3632/8/5
f 3636/8/5 3635/8/5 3634/8/5
f 3637/8/5 3635/8/5 3636/8/5
f 3646/7/5 3639/7/5 3638/7/5
f 3647/7/5 3639/7/5 3646/7/5
f 3648/7/5 3641/7/5 3640/7/5
f 3649/7/5 3641/7/5 3648/7/5
f 3650/7/5 3643/7/5 3642/7/5
f 3651/7/5 3643/7/5 3650/7/5
f 3652/7/5 3645/7/5 3644/7/5
f 3653/7/5 3645/7/5 3652/7/5
f 3662/7/5 3655/7/5 3654/7/5
f 3663/7/5 3655/7/5 3662/7/5
f 3664/7/5 3657/7/5 3656/7/5
f 3665/7/5 3657/7/5 3664/7/5
f 3666/7/5 3659/7/5 3658/7/5
f 3667/7/5 3659/7/5 3666/7/5
f 3668/7/5 3661/7/5 3660/7/5
f 3669/7/5 3661/7/5 3668/7/5
f 3672/7/5 3671/7/5 3670/7/5
f 3673/7/5 3671/7/5 3672/7/5
f 3678/7/5 3675/7/5 3674/7/5
f 3679/7/5 3675/7/5 3678/7/5
f 3680/7/5 3677/7/5 3676/7/5
f 3681/7/5 3677/7/5 3680/7/5
f 3688/7/5 3683/7/5 3682/7/5
f 3689/7/5 3683/7/5 3688/7/5
f 3690/7/5 3685/7/5 3684/7/5
f 3691/7/5 3685/7/5 3690/7/5
f 3692/7/5 3687/7/5 3686/7/5
f 3693/7/5 3687/7/5 3692/7/5
f 3698/7/5 3695/7/5 3694/7/5
f 3699/7/5 3695/7/5 3698/7/5
f 3700/7/5 3697/7/5 3696/7/5
f 3701/7/5 3697/7/5 3700/7/5
f 3706/7/5 3703/7/5 3702/7/5
f 3707/7/5 3703/7/5 3706/7/5
f 3708/7/5 3705/7/5 3704/7/5
f 3709/7/5 3705/7/5 3708/7/5
f 3712/1/5 3711/1/5 3710/1/5
f 3713/1/5 3711/1/5 3712/1/5
f 3720/6/5 3715/6/5 3714/6/5
f 3721/6/5 3715/6/5 3720/6/5
f 3722/1/5 3717/1/5 3716/1/5
f 3723/1/5 3717/1/5 3722/1/5
f 3724/1/5 3719/1/5 3718/1/5
f 3725/1/5 3719/1/5 3724/1/5
f 3728/6/5 3727/6/5 3726/6/5
f 3729/6/5 3727/6/5 3728/6/5
f 3737/6/5 3730/6/5 3729/6/5
f 3738/6/5 3730/6/5 3737/6/5
f 3739/1/5 3732/1/5 3731/1/5
f 3740/1/5 3732/1/5 3739/1/5
f 3741/1/5 3734/1/5 3733/1/5
f 3742/1/5 3734/1/5 3741/1/5
f 3743/1/5 3736/1/5 3735/1/5
f 3744/1/5 3736/1/5 3743/1/5
f 3761/1/5 3746/1/5 3745/1/5
f 3762/1/5 3746/1/5 3761/1/5
f 3763/6/5 3748/6/5 3747/6/5
f 3764/6/5 3748/6/5 3763/6/5
f 3765/6/5 3750/6/5 3749/6/5
f 3766/6/5 3750/6/5 3765/6/5
f 3767/6/5 3752/6/5 3751/6/5
f 3768/6/5 3752/6/5 3767/6/5
f 3769/6/5 3754/6/5 3753/6/5
f 3770/6/5 3754/6/5 3769/6/5
f 3771/1/5 3756/1/5 3755/1/5
f 3772/1/5 3756/1/5 3771/1/5
f 3773/1/5 3758/1/5 3757/1/5
f 3774/1/5 3758/1/5 3773/1/5
f 3775/1/5 3760/1/5 3759/1/5
f 3776/1/5 3760/1/5 3775/1/5
f 3780/6/5 3778/6/5 3777/6/5
f 3781/6/5 3778/6/5 3780/6/5
f 3788/6/5 3780/6/5 3779/6/5
f 3788/6/5 3781/6/5 3780/6/5
f 3789/6/5 3781/6/5 3788/6/5
f 3790/6/5 3783/6/5 3782/6/5
f 3791/6/5 3783/6/5 3790/6/5
f 3792/1/5 3785/1/5 3784/1/5
f 3793/1/5 3785/1/5 3792/1/5
f 3794/1/5 3787/1/5 3786/1/5
f 3795/1/5 3787/1/5 3794/1/5
f 3804/6/5 3799/6/5 3798/6/5
f 3805/6/5 3799/6/5 3804/6/5
f 3810/1/5 3801/1/5 3800/1/5
f 3811/1/5 3801/1/5 3810/1/5
f 3812/1/5 3803/1/5 3802/1/5
f 3813/1/5 3803/1/5 3812/1/5
f 3814/1/5 3797/1/5 3796/1/5
f 3815/1/5 3797/1/5 3814/1/5
f 3816/1/5 3807/1/5 3806/1/5
f 3817/1/5 3807/1/5 3816/1/5
f 3818/1/5 3809/1/5 3808/1/5
f 3819/1/5 3809/1/5 3818/1/5
f 3820/1/5 3812/1/5 3811/1/5
f 3821/1/5 3812/1/5 3820/1/5
f 3822/1/5 3815/1/5 3814/1/5
f 3822/1/5 3814/1/5 3813/1/5
f 3823/1/5 3815/1/5 3822/1/5
f 3828/6/5 3825/6/5 3824/6/5
f 3830/1/5 3827/1/5 3826/1/5
f 3831/1/5 3827/1/5 3830/1/5
f 3834/6/5 3829/6/5 3828/6/5
f 3834/6/5 3828/6/5 3824/6/5
f 3835/6/5 3829/6/5 3834/6/5
f 3836/1/5 3831/1/5 3830/1/5
f 3837/1/5 3831/1/5 3836/1/5
f 3838/1/5 3833/1/5 3832/1/5
f 3839/1/5 3833/1/5 3838/1/5
f 3846/6/5 3841/6/5 3840/6/5
f 3847/6/5 3841/6/5 3846/6/5
f 3848/6/5 3843/6/5 3842/6/5
f 3849/6/5 3843/6/5 3848/6/5
f 3850/1/5 3845/1/5 3844/1/5
f 3851/1/5 3845/1/5 3850/1/5
f 3864/6/5 3853/6/5 3852/6/5
f 3865/6/5 3853/6/5 3864/6/5
f 3866/6/5 3855/6/5 3854/6/5
f 3867/6/5 3855/6/5 3866/6/5
f 3868/6/5 3857/6/5 3856/6/5
f 3869/6/5 3857/6/5 3868/6/5
f 3870/6/5 3859/6/5 3858/6/5
f 3871/6/5 3859/6/5 3870/6/5
f 3872/1/5 3861/1/5 3860/1/5
f 3873/1/5 3861/1/5 3872/1/5
f 3874/1/5 3863/1/5 3862/1/5
f 3875/1/5 3863/1/5 3874/1/5
f 3881/6/5 3877/6/5 3876/6/5
f 3882/6/5 3877/6/5 3881/6/5
f 3883/6/5 3879/6/5 3878/6/5
f 3884/6/5 3879/6/5 3883/6/5
f 3888/6/5 3882/6/5 3881/6/5
f 3888/6/5 3881/6/5 3880/6/5
f 3889/6/5 3882/6/5 3888/6/5
f 3890/6/5 3885/6/5 3884/6/5
f 3890/6/5 3884/6/5 3883/6/5
f 3891/6/5 3885/6/5 3890/6/5
f 3892/1/5 3887/1/5 3886/1/5
f 3893/1/5 3887/1/5 3892/1/5
f 3896/1/5 3895/1/5 3894/1/5
f 3897/1/5 3895/1/5 3896/1/5
f 3900/1/5 3899/1/5 3898/1/5
f 3901/1/5 3899/1/5 3900/1/5
f 3902/2/6 3903/2/6 3907/2/6
f 3904/2/6 3905/2/6 3908/2/6
f 3906/2/6 3907/2/6 3910/2/6
f 3910/2/6 3907/2/6 3911/2/6
f 3907/2/6 3903/2/6 3912/2/6
f 3911/2/6 3907/2/6 3912/2/6
f 3912/2/6 3903/2/6 3913/2/6
f 3908/2/6 3909/2/6 3916/2/6
f 3904/2/6 3908/2/6 3916/2/6
f 3916/2/6 3909/2/6 3917/2/6
f 3913/2/6 3914/2/6 3918/2/6
f 3918/2/6 3914/2/6 3919/2/6
f 3915/2/6 3916/2/6 3920/2/6
f 3920/2/6 3916/2/6 3921/2/6
f 3917/2/6 3909/2/6 3922/2/6
f 3911/2/6 3912/2/6 3925/2/6
f 3922/2/6 3923/2/6 3926/2/6
f 3917/2/6 3922/2/6 3926/2/6
f 3926/2/6 3923/2/6 3927/2/6
f 3924/2/6 3925/2/6 3928/2/6
f 3925/2/6 3912/2/6 3929/2/6
f 3928/2/6 3925/2/6 3929/2/6
f 3929/2/6 3912/2/6 3931/2/6
f 3917/2/6 3926/2/6 3932/2/6
f 3930/2/6 3931/2/6 3934/2/6
f 3931/2/6 3912/2/6 3935/2/6
f 3934/2/6 3931/2/6 3935/2/6
f 3935/2/6 3912/2/6 3937/2/6
f 3932/2/6 3933/2/6 3938/2/6
f 3917/2/6 3932/2/6 3938/2/6
f 3938/2/6 3933/2/6 3939/2/6
f 3936/2/6 3937/2/6 3940/2/6
f 3937/2/6 3912/2/6 3941/2/6
f 3940/2/6 3937/2/6 3941/2/6
f 3941/2/6 3912/2/6 3943/2/6
f 3942/2/6 3943/2/6 3944/2/6
f 3943/2/6 3912/2/6 3945/2/6
f 3944/2/6 3943/2/6 3945/2/6
f 3917/2/6 3938/2/6 3946/2/6
f 3917/2/6 3946/2/6 3948/2/6
f 3946/2/6 3947/2/6 3948/2/6
f 3948/2/6 3947/2/6 3949/2/6
f 3945/2/6 3912/2/6 3951/2/6
f 3950/2/6 3951/2/6 3952/2/6
f 3951/2/6 3912/2/6 3953/2/6
f 3952/2/6 3951/2/6 3953/2/6
f 3917/2/6 3948/2/6 3954/2/6
f 3953/2/6 3912/2/6 3957/2/6
f 3917/2/6 3954/2/6 3958/2/6
f 3954/2/6 3955/2/6 3958/2/6
f 3958/2/6 3955/2/6 3959/2/6
f 3956/2/6 3957/2/6 3960/2/6
f 3957/2/6 3912/2/6 3961/2/6
f 3960/2/6 3957/2/6 3961/2/6
f 3961/2/6 3912/2/6 3963/2/6
f 3917/2/6 3958/2/6 3964/2/6
f 3962/2/6 3963/2/6 3966/2/6
f 3963/2/6 3912/2/6 3967/2/6
f 3966/2/6 3963/2/6 3967/2/6
f 3964/2/6 3965/2/6 3968/2/6
f 3917/2/6 3964/2/6 3968/2/6
f 3968/2/6 3965/2/6 3969/2/6
f 3967/2/6 3912/2/6 3970/2/6
f 3917/2/6 3968/2/6 3971/2/6
f 3971/2/6 3968/2/6 3972/2/6
f 3972/2/6 3968/2/6 3973/2/6
f 3967/2/6 3970/2/6 3975/2/6
f 3970/2/6 3971/2/6 3975/2/6
f 3971/2/6 3972/2/6 3975/2/6
f 3975/2/6 3972/2/6 3976/2/6
f 3974/2/6 3975/2/6 3978/2/6
f 3976/2/6 3977/2/6 3978/2/6
f 3975/2/6 3976/2/6 3978/2/6
f 3978/2/6 3977/2/6 3979/2/6
f 3979/2/6 3977/2/6 3981/2/6
f 3981/2/6 3977/2/6 3982/2/6
f 3981/2/6 3982/2/6 3984/2/6
f 3982/2/6 3983/2/6 3984/2/6
f 3980/2/6 3981/2/6 3984/2/6
f 3984/2/6 3983/2/6 3985/2/6
f 3985/2/6 3983/2/6 3986/2/6
f 3986/2/6 3983/2/6 3987/2/6
f 3985/2/6 3986/2/6 3988/2/6
f 3985/2/6 3988/2/6 3991/2/6
f 3988/2/6 3989/2/6 3991/2/6
f 3991/2/6 3989/2/6 3992/2/6
f 3992/2/6 3989/2/6 3993/2/6
f 3990/2/6 3991/2/6 3994/2/6
f 3991/2/6 3992/2/6 3994/2/6
f 3994/2/6 3992/2/6 3995/2/6
f 3995/2/6 3992/2/6 3996/2/6
f 3995/2/6 3996/2/6 3998/2/6
f 3996/2/6 3997/2/6 3998/2/6
f 3998/2/6 3997/2/6 3999/2/6
f 3995/2/6 3998/2/6 4000/2/6
f 3995/2/6 4000/2/6 4003/2/6
f 4000/2/6 4001/2/6 4003/2/6
f 4003/2/6 4001/2/6 4004/2/6
f 4004/2/6 4001/2/6 4005/2/6
f 4002/2/6 4003/2/6 4006/2/6
f 4003/2/6 4004/2/6 4006/2/6
f 4006/2/6 4004/2/6 4007/2/6
f 4008/3/6 4009/3/6 4010/3/6
f 4010/3/6 4009/3/6 4011/3/6
f 4012/3/6 4013/3/6 4014/3/6
f 4014/3/6 4013/3/6 4015/3/6
f 4016/3/6 4017/3/6 4020/3/6
f 4020/3/6 4017/3/6 4021/3/6
f 4018/5/6 4019/5/6 4022/5/6
f 4022/5/6 4019/5/6 4023/5/6
f 4024/3/6 4025/3/6 4028/3/6
f 4028/3/6 4025/3/6 4029/3/6
f 4026/3/6 4027/3/6 4030/3/6
f 4030/3/6 4027/3/6 4031/3/6
f 4032/3/6 4033/3/6 4034/3/6
f 4034/3/6 4033/3/6 4035/3/6
f 4036/3/6 4037/3/6 4038/3/6
f 4038/3/6 4037/3/6 4039/3/6
f 4040/3/6 4041/3/6 4042/3/6
f 4042/3/6 4041/3/6 4043/3/6
f 4044/3/6 4045/3/6 4046/3/6
f 4046/3/6 4045/3/6 4047/3/6
f 4048/3/6 4049/3/6 4051/3/6
f 4051/3/6 4049/3/6 4052/3/6
f 4050/3/6 4051/3/6 4053/3/6
f 4053/3/6 4051/3/6 4054/3/6
f 4055/5/6 4056/5/6 4057/5/6
f 4057/5/6 4056/5/6 4058/5/6
f 4059/3/6 4060/3/6 4061/3/6
f 4061/3/6 4060/3/6 4062/3/6
f 4063/3/6 4064/3/6 4067/3/6
f 4067/3/6 4064/3/6 4068/3/6
f 4065/3/6 4066/3/6 4069/3/6
f 4069/3/6 4066/3/6 4070/3/6
f 4071/3/6 4072/3/6 4073/3/6
f 4071/3/6 4073/3/6 4077/3/6
f 4073/3/6 4074/3/6 4077/3/6
f 4077/3/6 4074/3/6 4078/3/6
f 4071/3/6 4077/3/6 4079/3/6
f 4079/3/6 4077/3/6 4080/3/6
f 4075/3/6 4076/3/6 4081/3/6
f 4081/3/6 4076/3/6 4082/3/6
f 4083/3/6 4084/3/6 4085/3/6
f 4085/3/6 4084/3/6 4086/3/6
f 4087/3/6 4088/3/6 4089/3/6
f 4089/3/6 4088/3/6 4090/3/6
f 4091/3/6 4092/3/6 4093/3/6
f 4093/3/6 4092/3/6 4094/3/6
f 4095/3/6 4096/3/6 4097/3/6
f 4097/3/6 4096/3/6 4098/3/6
f 4099/3/6 4100/3/6 4101/3/6
f 4101/3/6 4100/3/6 4102/3/6
f 4103/3/6 4104/3/6 4106/3/6
f 4106/3/6 4104/3/6 4107/3/6
f 4105/3/6 4106/3/6 4110/3/6
f 4110/3/6 4106/3/6 4111/3/6
f 4108/3/6 4109/3/6 4112/3/6
f 4112/3/6 4109/3/6 4113/3/6
f 4114/3/6 4115/3/6 4116/3/6
f 4116/3/6 4115/3/6 4117/3/6
f 4118/3/6 4119/3/6 4120/3/6
f 4120/3/6 4119/3/6 4121/3/6
f 4122/3/6 4123/3/6 4124/3/6
f 4124/3/6 4123/3/6 4125/3/6
f 4126/3/6 4127/3/6 4128/3/6
f 4128/3/6 4127/3/6 4129/3/6
f 4130/3/6 4131/3/6 4132/3/6
f 4132/3/6 4131/3/6 4133/3/6
f 4134/3/6 4135/3/6 4136/3/6
f 4136/3/6 4135/3/6 4137/3/6
f 4138/3/6 4139/3/6 4140/3/6
f 4140/3/6 4139/3/6 4141/3/6
f 4142/3/6 4143/3/6 4144/3/6
f 4144/3/6 4143/3/6 4145/3/6
f 4145/3/6 4146/3/6 4147/3/6
f 4147/3/6 4146/3/6 4148/3/6
f 4149/3/6 4150/3/6 4151/3/6
f 4151/3/6 4150/3/6 4152/3/6
f 4153/3/6 4154/3/6 4155/3/6
f 4155/3/6 4154/3/6 4156/3/6
f 4157/3/6 4158/3/6 4161/3/6
f 4161/3/6 4158/3/6 4162/3/6
f 4159/3/6 4160/3/6 4164/3/6
f 4164/3/6 4160/3/6 4165/3/6
f 4163/3/6 4164/3/6 4168/3/6
f 4168/3/6 4164/3/6 4169/3/6
f 4166/3/6 4167/3/6 4171/3/6
f 4171/3/6 4167/3/6 4172/3/6
f 4170/3/6 4171/3/6 4173/3/6
f 4173/3/6 4171/3/6 4174/3/6
f 4175/3/6 4176/3/6 4177/3/6
f 4177/3/6 4176/3/6 4178/3/6
f 4179/3/6 4180/3/6 4181/3/6
f 4181/3/6 4180/3/6 4182/3/6
f 4183/3/6 4184/3/6 4186/3/6
f 4186/3/6 4184/3/6 4187/3/6
f 4185/3/6 4186/3/6 4190/3/6
f 4190/3/6 4186/3/6 4191/3/6
f 4188/3/6 4189/3/6 4193/3/6
f 4193/3/6 4189/3/6 4194/3/6
f 4191/3/6 4192/3/6 4195/3/6
f 4195/3/6 4192/3/6 4196/3/6
f 4197/3/6 4198/3/6 4199/3/6
f 4199/3/6 4198/3/6 4200/3/6
f 4201/3/6 4202/3/6 4205/3/6
f 4205/3/6 4202/3/6 4206/3/6
f 4203/3/6 4204/3/6 4207/3/6
f 4207/3/6 4204/3/6 4208/3/6
f 4209/3/6 4210/3/6 4211/3/6
f 4211/3/6 4210/3/6 4212/3/6
f 4213/3/6 4214/3/6 4215/3/6
f 4215/3/6 4214/3/6 4216/3/6
f 4217/3/6 4218/3/6 4219/3/6
f 4219/3/6 4218/3/6 4220/3/6
f 4221/3/6 4222/3/6 4225/3/6
f 4225/3/6 4222/3/6 4226/3/6
f 4223/3/6 4224/3/6 4227/3/6
f 4227/3/6 4224/3/6 4228/3/6
f 4229/3/6 4230/3/6 4232/3/6
f 4231/3/6 4232/3/6 4233/3/6
f 4232/3/6 4230/3/6 4234/3/6
f 4233/3/6 4232/3/6 4234/3/6
f 4234/3/6 4230/3/6 4235/3/6
f 4235/3/6 4230/3/6 4236/3/6
f 4237/3/6 4238/3/6 4239/3/6
f 4239/3/6 4238/3/6 4240/3/6
f 4241/3/6 4242/3/6 4243/3/6
f 4243/3/6 4242/3/6 4244/3/6
f 4244/3/6 4245/3/6 4246/3/6
f 4246/3/6 4245/3/6 4247/3/6
f 4248/3/6 4249/3/6 4252/3/6
f 4252/3/6 4249/3/6 4253/3/6
f 4250/3/6 4251/3/6 4254/3/6
f 4254/3/6 4251/3/6 4255/3/6
f 4256/3/6 4257/3/6 4258/3/6
f 4258/3/6 4257/3/6 4259/3/6
f 4260/3/6 4261/3/6 4265/3/6
f 4265/3/6 4261/3/6 4266/3/6
f 4262/3/6 4263/3/6 4267/3/6
f 4267/3/6 4263/3/6 4268/3/6
f 4264/3/6 4265/3/6 4270/3/6
f 4270/3/6 4265/3/6 4271/3/6
f 4268/3/6 4269/3/6 4272/3/6
f 4272/3/6 4269/3/6 4273/3/6
f 4274/3/6 4275/3/6 4276/3/6
f 4276/3/6 4275/3/6 4277/3/6
f 4277/3/6 4275/3/6 4278/3/6
f 4279/3/6 4280/3/6 4283/3/6
f 4283/3/6 4280/3/6 4284/3/6
f 4281/3/6 4282/3/6 4286/3/6
f 4286/3/6 4282/3/6 4287/3/6
f 4285/3/6 4286/3/6 4288/3/6
f 4288/3/6 4286/3/6 4289/3/6
f 4290/3/6 4291/3/6 4292/3/6
f 4292/3/6 4291/3/6 4293/3/6
f 4294/3/6 4295/3/6 4296/3/6
f 4296/3/6 4295/3/6 4297/3/6
f 4298/3/6 4299/3/6 4300/3/6
f 4300/3/6 4299/3/6 4301/3/6
f 4304/3/6 4305/3/6 4306/3/6
f 4306/3/6 4305/3/6 4307/3/6
f 4302/3/6 4303/3/6 4308/3/6
f 4308/3/6 4303/3/6 4309/3/6
f 4310/5/6 4311/5/6 4312/5/6
f 4312/5/6 4311/5/6 4313/5/6
f 4313/5/6 4311/5/6 4316/5/6
f 4316/5/6 4311/5/6 4317/5/6
f 4314/3/6 4315/3/6 4320/3/6
f 4320/3/6 4315/3/6 4321/3/6
f 4318/3/6 4319/3/6 4322/3/6
f 4322/3/6 4319/3/6 4323/3/6
f 4324/3/6 4325/3/6 4327/3/6
f 4326/3/6 4327/3/6 4328/3/6
f 4327/3/6 4325/3/6 4329/3/6
f 4328/3/6 4327/3/6 4329/3/6
f 4330/3/6 4331/3/6 4335/3/6
f 4335/3/6 4331/3/6 4336/3/6
f 4332/3/6 4333/3/6 4337/3/6
f 4337/3/6 4333/3/6 4338/3/6
f 4334/3/6 4335/3/6 4339/3/6
f 4339/3/6 4335/3/6 4340/3/6
f 4341/3/6 4342/3/6 4345/3/6
f 4345/3/6 4342/3/6 4346/3/6
f 4347/3/6 4348/3/6 4349/3/6
f 4349/3/6 4348/3/6 4350/3/6
f 4343/3/6 4344/3/6 4351/3/6
f 4351/3/6 4344/3/6 4352/3/6
f 4353/3/6 4354/3/6 4355/3/6
f 4355/3/6 4354/3/6 4356/3/6
f 4357/3/6 4358/3/6 4359/3/6
f 4359/3/6 4358/3/6 4360/3/6
f 4361/3/6 4362/3/6 4365/3/6
f 4365/3/6 4362/3/6 4366/3/6
f 4363/3/6 4364/3/6 4367/3/6
f 4367/3/6 4364/3/6 4368/3/6
f 4369/5/6 4370/5/6 4373/5/6
f 4373/5/6 4370/5/6 4374/5/6
f 4374/5/6 4370/5/6 4375/5/6
f 4375/5/6 4370/5/6 4376/5/6
f 4371/5/6 4372/5/6 4377/5/6
f 4377/5/6 4372/5/6 4378/5/6
f 4369/5/6 4373/5/6 4379/5/6
f 4379/5/6 4373/5/6 4380/5/6
f 4374/5/6 4375/5/6 4381/5/6
f 4381/5/6 4375/5/6 4382/5/6
f 4383/3/6 4384/3/6 4385/3/6
f 4385/3/6 4384/3/6 4386/3/6
f 4389/3/6 4390/3/6 4391/3/6
f 4391/3/6 4390/3/6 4392/3/6
f 4387/3/6 4388/3/6 4393/3/6
f 4393/3/6 4388/3/6 4394/3/6
f 4395/3/6 4396/3/6 4397/3/6
f 4397/3/6 4396/3/6 4398/3/6
f 4399/3/6 4400/3/6 4401/3/6
f 4401/3/6 4400/3/6 4402/3/6
f 4403/7/6 4404/7/6 4407/7/6
f 4407/7/6 4404/7/6 4408/7/6
f 4405/7/6 4406/7/6 4409/7/6
f 4409/7/6 4406/7/6 4410/7/6
f 4411/3/6 4412/3/6 4413/3/6
f 4413/3/6 4412/3/6 4414/3/6
f 4417/5/6 4418/5/6 4419/5/6
f 4419/5/6 4418/5/6 4420/5/6
f 4415/3/6 4416/3/6 4422/3/6
f 4422/3/6 4416/3/6 4423/3/6
f 4420/5/6 4421/5/6 4424/5/6
f 4424/5/6 4421/5/6 4425/5/6
f 4426/3/6 4427/3/6 4428/3/6
f 4428/3/6 4427/3/6 4429/3/6
f 4430/3/6 4431/3/6 4432/3/6
f 4432/3/6 4431/3/6 4433/3/6
f 4434/7/6 4435/7/6 4438/7/6
f 4438/7/6 4435/7/6 4439/7/6
f 4436/7/6 4437/7/6 4440/7/6
f 4440/7/6 4437/7/6 4441/7/6
f 4442/5/6 4443/5/6 4451/5/6
f 4451/5/6 4443/5/6 4452/5/6
f 4444/5/6 4445/5/6 4453/5/6
f 4453/5/6 4445/5/6 4454/5/6
f 4446/5/6 4447/5/6 4456/5/6
f 4456/5/6 4447/5/6 4457/5/6
f 4448/5/6 4449/5/6 4458/5/6
f 4458/5/6 4449/5/6 4459/5/6
f 4450/5/6 4451/5/6 4460/5/6
f 4460/5/6 4451/5/6 4461/5/6
f 4452/5/6 4453/5/6 4462/5/6
f 4462/5/6 4453/5/6 4463/5/6
f 4454/5/6 4455/5/6 4464/5/6
f 4464/5/6 4455/5/6 4465/5/6
f 4457/5/6 4458/5/6 4466/5/6
f 4466/5/6 4458/5/6 4467/5/6
f 4468/7/6 4469/7/6 4470/7/6
f 4470/7/6 4469/7/6 4471/7/6
f 4472/7/6 4473/7/6 4480/7/6
f 4480/7/6 4473/7/6 4481/7/6
f 4474/7/6 4475/7/6 4482/7/6
f 4482/7/6 4475/7/6 4483/7/6
f 4476/7/6 4477/7/6 4484/7/6
f 4484/7/6 4477/7/6 4485/7/6
f 4478/7/6 4479/7/6 4486/7/6
f 4486/7/6 4479/7/6 4487/7/6
f 4488/7/6 4489/7/6 4494/7/6
f 4494/7/6 4489/7/6 4495/7/6
f 4490/7/6 4491/7/6 4496/7/6
f 4496/7/6 4491/7/6 4497/7/6
f 4492/7/6 4493/7/6 4498/7/6
f 4498/7/6 4493/7/6 4499/7/6
f 4500/5/6 4501/5/6 4508/5/6
f 4508/5/6 4501/5/6 4509/5/6
f 4502/5/6 4503/5/6 4510/5/6
f 4510/5/6 4503/5/6 4511/5/6
f 4504/5/6 4505/5/6 4513/5/6
f 4513/5/6 4505/5/6 4514/5/6
f 4506/5/6 4507/5/6 4515/5/6
f 4515/5/6 4507/5/6 4516/5/6
f 4511/5/6 4512/5/6 4518/5/6
f 4518/5/6 4512/5/6 4519/5/6
f 4516/5/6 4517/5/6 4520/5/6
f 4520/5/6 4517/5/6 4521/5/6
f 4522/7/6 4523/7/6 4524/7/6
f 4524/7/6 4523/7/6 4525/7/6
f 4526/7/6 4527/7/6 4530/7/6
f 4530/7/6 4527/7/6 4531/7/6
f 4528/7/6 4529/7/6 4532/7/6
f 4532/7/6 4529/7/6 4533/7/6
f 4534/8/6 4535/8/6 4536/8/6
f 4536/8/6 4535/8/6 4537/8/6
f 4538/7/6 4539/7/6 4542/7/6
f 4542/7/6 4539/7/6 4543/7/6
f 4540/7/6 4541/7/6 4544/7/6
f 4544/7/6 4541/7/6 4545/7/6
f 4546/8/6 4547/8/6 4548/8/6
f 4548/8/6 4547/8/6 4549/8/6
f 4550/8/6 4551/8/6 4552/8/6
f 4552/8/6 4551/8/6 4553/8/6
f 4554/7/6 4555/7/6 4558/7/6
f 4558/7/6 4555/7/6 4559/7/6
f 4556/7/6 4557/7/6 4560/7/6
f 4560/7/6 4557/7/6 4561/7/6
f 4564/8/6 4565/8/6 4566/8/6
f 4566/8/6 4565/8/6 4567/8/6
f 4568/8/6 4569/8/6 4570/8/6
f 4570/8/6 4569/8/6 4571/8/6
f 4562/8/6 4563/8/6 4572/8/6
f 4572/8/6 4563/8/6 4573/8/6
f 4574/7/6 4575/7/6 4576/7/6
f 4576/7/6 4575/7/6 4577/7/6
f 4578/8/6 4579/8/6 4580/8/6
f 4580/8/6 4579/8/6 4581/8/6
f 4582/7/6 4583/7/6 4586/7/6
f 4586/7/6 4583/7/6 4587/7/6
f 4584/7/6 4585/7/6 4588/7/6
f 4588/7/6 4585/7/6 4589/7/6
f 4590/7/6 4591/7/6 4594/7/6
f 4594/7/6 4591/7/6 4595/7/6
f 4592/7/6 4593/7/6 4596/7/6
f 4596/7/6 4593/7/6 4597/7/6
f 4598/7/6 4599/7/6 4608/7/6
f 4608/7/6 4599/7/6 4609/7/6
f 4600/7/6 4601/7/6 4610/7/6
f 4610/7/6 4601/7/6 4611/7/6
f 4602/7/6 4603/7/6 4612/7/6
f 4612/7/6 4603/7/6 4613/7/6
f 4604/7/6 4605/7/6 4614/7/6
f 4614/7/6 4605/7/6 4615/7/6
f 4606/7/6 4607/7/6 4616/7/6
f 4616/7/6 4607/7/6 4617/7/6
f 4618/7/6 4619/7/6 4626/7/6
f 4626/7/6 4619/7/6 4627/7/6
f 4620/7/6 4621/7/6 4628/7/6
f 4628/7/6 4621/7/6 4629/7/6
f 4622/7/6 4623/7/6 4630/7/6
f 4630/7/6 4623/7/6 4631/7/6
f 4624/7/6 4625/7/6 4632/7/6
f 4632/7/6 4625/7/6 4633/7/6
f 4634/7/6 4635/7/6 4638/7/6
f 4638/7/6 4635/7/6 4639/7/6
f 4636/7/6 4637/7/6 4640/7/6
f 4640/7/6 4637/7/6 4641/7/6
f 4642/7/6 4643/7/6 4646/7/6
f 4646/7/6 4643/7/6 4647/7/6
f 4644/7/6 4645/7/6 4648/7/6
f 4648/7/6 4645/7/6 4649/7/6
f 4650/7/6 4651/7/6 4654/7/6
f 4654/7/6 4651/7/6 4655/7/6
f 4652/7/6 4653/7/6 4656/7/6
f 4656/7/6 4653/7/6 4657/7/6
f 4658/7/6 4659/7/6 4664/7/6
f 4664/7/6 4659/7/6 4665/7/6
f 4660/7/6 4661/7/6 4666/7/6
f 4666/7/6 4661/7/6 4667/7/6
f 4662/7/6 4663/7/6 4668/7/6
f 4668/7/6 4663/7/6 4669/7/6
f 4670/7/6 4671/7/6 4676/7/6
f 4676/7/6 4671/7/6 4677/7/6
f 4672/7/6 4673/7/6 4678/7/6
f 4678/7/6 4673/7/6 4679/7/6
f 4674/1/6 4675/1/6 4680/1/6
f 4680/1/6 4675/1/6 4681/1/6
f 4682/6/6 4683/6/6 4684/6/6
f 4684/6/6 4683/6/6 4685/6/6
f 4684/6/6 4685/6/6 4695/6/6
f 4685/6/6 4686/6/6 4695/6/6
f 4695/6/6 4686/6/6 4696/6/6
f 4687/7/6 4688/7/6 4697/7/6
f 4697/7/6 4688/7/6 4698/7/6
f 4689/1/6 4690/1/6 4699/1/6
f 4699/1/6 4690/1/6 4700/1/6
f 4691/1/6 4692/1/6 4701/1/6
f 4701/1/6 4692/1/6 4702/1/6
f 4693/1/6 4694/1/6 4703/1/6
f 4703/1/6 4694/1/6 4704/1/6
f 4705/1/6 4706/1/6 4715/1/6
f 4707/6/6 4708/6/6 4716/6/6
f 4716/6/6 4708/6/6 4717/6/6
f 4709/6/6 4710/6/6 4718/6/6
f 4718/6/6 4710/6/6 4719/6/6
f 4711/6/6 4712/6/6 4720/6/6
f 4720/6/6 4712/6/6 4721/6/6
f 4713/1/6 4714/1/6 4722/1/6
f 4722/1/6 4714/1/6 4723/1/6
f 4715/1/6 4706/1/6 4724/1/6
f 4724/1/6 4706/1/6 4725/1/6
f 4726/6/6 4727/6/6 4729/6/6
f 4729/6/6 4727/6/6 4730/6/6
f 4728/6/6 4729/6/6 4740/6/6
f 4729/6/6 4730/6/6 4740/6/6
f 4730/6/6 4731/6/6 4740/6/6
f 4740/6/6 4731/6/6 4741/6/6
f 4732/6/6 4733/6/6 4742/6/6
f 4742/6/6 4733/6/6 4743/6/6
f 4734/6/6 4735/6/6 4744/6/6
f 4744/6/6 4735/6/6 4745/6/6
f 4736/1/6 4737/1/6 4746/1/6
f 4746/1/6 4737/1/6 4747/1/6
f 4738/1/6 4739/1/6 4748/1/6
f 4748/1/6 4739/1/6 4749/1/6
f 4754/1/6 4755/1/6 4758/1/6
f 4758/1/6 4755/1/6 4759/1/6
f 4756/1/6 4757/1/6 4760/1/6
f 4760/1/6 4757/1/6 4761/1/6
f 4750/1/6 4751/1/6 4762/1/6
f 4762/1/6 4751/1/6 4763/1/6
f 4752/6/6 4753/6/6 4764/6/6
f 4764/6/6 4753/6/6 4765/6/6
f 4766/6/6 4767/6/6 4770/6/6
f 4770/6/6 4767/6/6 4771/6/6
f 4768/1/6 4769/1/6 4775/1/6
f 4775/1/6 4769/1/6 4776/1/6
f 4771/6/6 4772/6/6 4777/6/6
f 4777/6/6 4772/6/6 4778/6/6
f 4773/1/6 4774/1/6 4779/1/6
f 4779/1/6 4774/1/6 4780/1/6
f 4781/6/6 4782/6/6 4783/6/6
f 4783/6/6 4782/6/6 4784/6/6
f 4783/6/6 4784/6/6 4788/6/6
f 4784/6/6 4785/6/6 4788/6/6
f 4788/6/6 4785/6/6 4789/6/6
f 4786/6/6 4787/6/6 4790/6/6
f 4790/6/6 4787/6/6 4791/6/6
f 4792/6/6 4793/6/6 4800/6/6
f 4800/6/6 4793/6/6 4801/6/6
f 4794/6/6 4795/6/6 4802/6/6
f 4802/6/6 4795/6/6 4803/6/6
f 4796/6/6 4797/6/6 4804/6/6
f 4804/6/6 4797/6/6 4805/6/6
f 4798/1/6 4799/1/6 4806/1/6
f 4806/1/6 4799/1/6 4807/1/6
f 4808/6/6 4809/6/6 4813/6/6
f 4813/6/6 4809/6/6 4814/6/6
f 4810/6/6 4811/6/6 4816/6/6
f 4814/6/6 4815/6/6 4820/6/6
f 4812/6/6 4813/6/6 4820/6/6
f 4813/6/6 4814/6/6 4820/6/6
f 4820/6/6 4815/6/6 4821/6/6
f 4816/6/6 4817/6/6 4822/6/6
f 4810/6/6 4816/6/6 4822/6/6
f 4822/6/6 4817/6/6 4823/6/6
f 4818/1/6 4819/1/6 4824/1/6
f 4824/1/6 4819/1/6 4825/1/6
f 4826/1/6 4827/1/6 4829/1/6
f 4829/1/6 4827/1/6 4830/1/6
f 4828/1/6 4829/1/6 4831/1/6
f 4831/1/6 4829/1/6 4832/1/6
f 4835/4/6 4836/4/6 4838/4/6
f 4833/4/6 4834/4/6 4839/4/6
f 4837/1/6 4838/1/6 4840/1/6
f 4838/4/6 4836/4/6 4841/4/6
f 4840/1/6 4838/1/6 4841/1/6
f 4833/4/6 4839/4/6 4842/4/6
f 4839/4/6 4840/4/6 4842/4/6
f 4840/4/6 4841/4/6 4842/4/6
f 4841/4/6 4836/4/6 4843/4/6
f 4842/4/6 4841/4/6 4843/4/6
